filename,format,file_path,size_kb,page_count,folder,extraction_coverage,extraction_method,year_confidence,drawing_mode,is_data_asset,info_value_hint,information_type,year,domain,scale,lifecycle,domain_candidates,asset_type,asset_type_candidates,short_summary,keywords,governance,confidentiality,confidentiality_reason,certainty,certainty_score,certainty_reason,age_warning,review_priority,action,review_reasons,authority,authority_reason,scope,scope_reason,urgency,urgency_reason,coverage,coverage_reason,accessibility,accessibility_reason,decision_priority_reason,_reasoning,llm_status,processed_at
07_housing_restructuring_strategy.txt,TXT,demo_data/Amsterdam_Bijlmermeer_Urban_Renewal_Case/01_strategy/07_housing_restructuring_strategy.txt,1,,01_strategy,full content (1124 chars),text,low,,No,Medium,Unknown,,Architecture & Buildings,Neighborhood / District,Concept / Schematic,"Architecture & Buildings, Project Management, Reference & Research",Document,"Document, Data, Archive","Housing restructuring strategy for Amsterdam Bijlmermeer explores repair techniques, infill development options, and building replacement criteria to guide urban renewal planning decisions, such as prioritizing high-rise renovations or new infill housing projects, supporting the project phase's specific planning actions.","housing, urban renewal, Amsterdam, strategy, infill, replacement",Internal,Not Confidential,"Filename and content do not contain any labels or signals indicating confidentiality, and it is a planning strategy document.",Medium,65,"Folder path indicates urban renewal strategy for Amsterdam Bijlmermeer, with filename suggesting a housing restructuring",,Low,Auto-process,,Advisory,"The document provides strategic options and recommendations for housing restructuring, which are best-practice guidelines rather than mandatory constraints.",Whole Project,"It influences overall urban renewal strategies, including repair, infill, and replacement decisions affecting multiple housing clusters and planning approaches.",Relevant,"The file aligns with the current Concept/Schematic phase, offering strategic guidance that supports ongoing decision-making but does not directly resolve immediate open decisions.",Partial,"It discusses strategic options and testing scenarios but lacks detailed technical or site-specific data, requiring supplementary documents for full project context.",Expert Extractable,"The content is written in accessible language with clear strategic recommendations, enabling project team members to interpret and consider its guidance without specialized expertise.","This file directly informs the decision on which housing restructuring approach to pursue—repair, infill, or replacement—by presenting tested options and their implications. Its strategic insights are unique within the project, providing a conceptual basis that no generic source can substitute. The 'Concept / Schematic' phase is optimal for integrating these options into the evolving master plan, ensuring decisions are aligned with urban renewal goals before detailed design begins.","Folder path indicates urban renewal strategy for Amsterdam Bijlmermeer, with filename suggesting a housing restructuring plan. Content discusses strategic options for existing and new housing, supporting decision-making on repair, infill, or replacement clusters. The detailed options and placeholders point to a conceptual or planning phase document. The filename and folder context strongly suggest a planning or strategy document at the concept or schematic stage.",,2026-09-16 15:01
09_social_impact_assessment.txt,TXT,demo_data/Amsterdam_Bijlmermeer_Urban_Renewal_Case/01_strategy/09_social_impact_assessment.txt,1,,01_strategy,full content (1249 chars),text,unknown,,No,Medium,Unknown,,Administrative & Legal,Neighborhood / District,Concept / Schematic,"Administrative & Legal, Project Management, Reference & Research",Document,Document,"A social impact assessment analyzing the benefits, harms, and mitigation strategies for urban renewal in Amsterdam Zuidoost, including specific measures such as increased affordable housing units, community-led planning processes, and compliance with local zoning codes.","social impact, urban renewal, Amsterdam Zuidoost, community, displacement",Internal,Not Confidential,Content is a plain text social impact assessment with no sensitive or legal information.,Medium,60,"Folder path indicates urban renewal project in Amsterdam Zuidoost, with filename tokens 'social' and 'impact' suggesting",,Low,Auto-process,,Advisory,The document provides social impact insights and mitigation strategies that influence urban renewal planning but do not constitute legal or regulatory mandates.,Whole Project,"It addresses social considerations affecting the entire urban renewal project, including community engagement, displacement, and mitigation measures.",Relevant,"The project is in the Concept / Schematic phase, and the social impact assessment directly informs decision-making on community-related strategies before detailed design begins.",Mostly Complete,"The document covers key social impact topics, benefits, harms, and mitigation strategies, but lacks detailed technical or design-specific data.",Stated Conclusions,"The report clearly states social benefits, harms, and mitigation commitments in plain language, enabling project team members to incorporate findings without expert interpretation.","This file directly informs the decision to proceed with a resident continuity plan and disruption budget, which are critical for shaping the social approach in early design stages. Its specific focus on social mitigation measures provides unique, project-specific guidance that generic sources cannot substitute, making it essential to review now to align urban renewal strategies with community needs and avoid costly redesigns later.","Folder path indicates urban renewal project in Amsterdam Zuidoost, with filename tokens 'social' and 'impact' suggesting a social impact assessment. Content sample confirms focus on social benefits, harms, and mitigation strategies, supporting urban planning and community engagement decisions. No explicit design or technical details are present, aligning with a narrative report at the conceptual or planning stage.",,2026-09-16 15:01
10_stakeholder_matrix.xlsx,XLSX,demo_data/Amsterdam_Bijlmermeer_Urban_Renewal_Case/01_strategy/10_stakeholder_matrix.xlsx,6,,01_strategy,all 2 sheet(s) — first 5 rows each,text,high,,Yes,Medium,Unknown,2025.0,Project Management,Neighborhood / District,Construction Documents,"Project Management, Administrative & Legal, QS & Commercial",Data,"Data, Document, Archive","The file contains stakeholder engagement matrices and logs from Q2 2025, including details on community, government, and developer stakeholders, supporting decision-making and coordination during the urban renewal process.","stakeholder, engagement, project management, urban renewal, Amsterdam",Internal,Not Confidential,Filename and content sample show no explicit labels or signals of confidentiality.,High,90,The filename '10_stakeholder_matrix.xlsx' and folder path indicate a structured project management document related to u,,Low,Auto-process,,Advisory,"The file contains stakeholder engagement matrices and logs, which are typically best-practice guidance supporting decision-making but do not legally or physically constrain design choices.",Single Discipline,"The stakeholder and engagement data primarily influence community, legal, and project management aspects, affecting specific decisions within the broader urban renewal project rather than the entire project scope.",Relevant,"The file addresses ongoing stakeholder engagement activities relevant to current design coordination, but it does not directly resolve critical open decisions like facade material or courtyard levels, making it useful but not urgent at this phase.",Partial,"The file documents stakeholder engagement logs and matrices, but lacks detailed technical or design-specific data, thus providing a partial view of project influences.",Expert Extractable,"The stakeholder matrices and logs are structured data requiring domain knowledge to interpret their influence on design decisions, though the content is presented in a clear tabular format that can be understood by project team members with stakeholder engagement experience.","This file directly informs decisions related to community engagement, stakeholder influence, and project coordination, such as finalizing community review processes or addressing stakeholder concerns. It provides specific stakeholder interests and influence levels that no generic source can substitute, making it valuable for targeted stakeholder management decisions. Since the project is in the detailed design phase, understanding stakeholder positions now is critical to ensure ongoing engagement aligns with upcoming design reviews and approvals.","The filename '10_stakeholder_matrix.xlsx' and folder path indicate a structured project management document related to urban renewal. Content sample shows stakeholder and engagement data, typical of project management phase documentation. The file is from 2025, aligning with the project timeline, and the structured tabular data suggests a data asset type. It supports project management decision-making, specifically stakeholder engagement planning.",,2026-09-16 15:01
08_public_realm_strategy.txt,TXT,demo_data/Amsterdam_Bijlmermeer_Urban_Renewal_Case/01_strategy/08_public_realm_strategy.txt,0,,01_strategy,full content (1005 chars),text,unknown,,No,Medium,Unknown,,Landscape & Public Realm,Neighborhood / District,Concept / Schematic,"Landscape & Public Realm, Civil & Infrastructure",Document,Document,"Strategy document outlines public realm improvements, including cycle routes, rain gardens, and social spaces, supporting urban renewal planning and landscape design decisions.","public realm, rain gardens, cycle routes, urban renewal, landscape strategy",Internal,Not Confidential,Filename and content do not indicate any confidentiality labels or sensitive information.,Medium,70,"Folder path indicates urban renewal strategy at district scale, and filename tokens suggest a focus on public realm plan",,Low,Auto-process,,Advisory,"The document provides strategic guidance and planning targets without statutory or regulatory mandates, influencing design decisions through best-practice recommendations.",Whole Project,"It outlines district-scale public realm strategies, affecting urban renewal planning, landscape, mobility, and water management decisions across the entire project area.",Relevant,"The project is in the Concept/Schematic phase, and the strategy directly informs ongoing design development, but it is not an immediate decision requirement for current design approvals.",Partial,"The document covers high-level public realm strategies, targets, and concepts but lacks detailed technical or construction-level information, requiring supplementary documents for full implementation.",Stated Conclusions,"The document clearly states design targets and strategic intentions in plain language, enabling project team members to interpret and incorporate its guidance without expert technical analysis.","This file directly addresses the urban renewal public realm strategy, providing specific spatial and design targets that influence landscape, mobility, and water management decisions. Its unique value lies in linking multiple domains at a district scale, which no generic source can substitute. Given the project's current phase, integrating these strategic insights now ensures alignment with overall urban renewal goals and supports informed decision-making in schematic design.","Folder path indicates urban renewal strategy at district scale, and filename tokens suggest a focus on public realm planning. Content sample describes public space design targets, linking landscape, mobility, and water management, supporting landscape and public realm classification. The document appears to be a strategy or planning guideline for public spaces within the project.",,2026-09-16 15:01
06_urban_renewal_framework.txt,TXT,demo_data/Amsterdam_Bijlmermeer_Urban_Renewal_Case/01_strategy/06_urban_renewal_framework.txt,1,,01_strategy,full content (1407 chars),text,unknown,,No,High,Unknown,,Landscape & Public Realm,Neighborhood / District,Concept / Schematic,"Landscape & Public Realm, Reference & Research",Document,Document,"A synthetic urban renewal framework outlining spatial principles, decision gates, and design criteria for Amsterdam Bijlmermeer, supporting strategic planning and urban design decisions.","urban renewal, Amsterdam Bijlmermeer, spatial principles, urban design, neighborhood planning",Internal,Not Confidential,Content is textual planning strategy with no explicit confidentiality labels.,High,90,"Folder path indicates urban renewal strategy for Amsterdam Bijlmermeer, and filename tokens suggest a planning framework",,Low,Review confidentiality judgment,confidentiality signal conflict,Advisory,The document provides strategic urban design principles and decision gates that guide planning but do not impose mandatory constraints or regulations.,Whole Project,"It outlines overarching spatial principles, decision criteria, and strategic moves that influence the entire urban renewal project in Amsterdam Bijlmermeer.",Relevant,"The file is at the conceptual/strategic stage, providing guidance that supports ongoing decision-making but does not require immediate action for current design decisions.",Mostly Complete,"It offers a comprehensive strategic framework with key principles and decision points, though detailed technical or site-specific data are not included.",Stated Conclusions,"The document clearly states strategic principles and decision criteria in plain language, making it accessible to a broad project team without requiring domain expertise.","This file directly informs the selection of urban renewal packages and spatial strategies, particularly the decision at the end of the concept stage to choose between retrofit, public realm, or combined packages. Its unique value lies in the spatial principles and decision gates tailored specifically to the Bijlmermeer context, which no generic urban renewal guide can substitute. Given the project is in the conceptual/ schematic phase, this guidance is timely to shape upcoming design options and strategic choices.","Folder path indicates urban renewal strategy for Amsterdam Bijlmermeer, and filename tokens suggest a planning framework document. Content sample confirms focus on urban design principles, spatial strategies, and decision criteria for renewal packages. The document is at the conceptual/strategic planning stage, informing urban design and planning decisions.",,2026-09-16 15:01
01_case_overview.txt,TXT,demo_data/Amsterdam_Bijlmermeer_Urban_Renewal_Case/00_case/01_case_overview.txt,2,,00_case,truncated at 2000 chars,text,unknown,,Yes,Medium,Unknown,,Project Management,Neighborhood / District,Concept / Schematic,"Project Management, Reference & Research",Data,"Data, Document, Media","The file provides an overview of a synthetic urban renewal case in Amsterdam Bijlmermeer, supporting decision-making on project scope, green infrastructure, and renewal strategies during the conceptual phase.","urban renewal, Amsterdam Zuidoost, Bijlmermeer, concept, planning, decision",Internal,Not Confidential,The filename and content do not indicate any explicit confidentiality labels or sensitive information.,Medium,60,"The file contains a textual overview of a synthetic urban renewal case in Amsterdam Zuidoost, focusing on project themes",,Low,Review confidentiality judgment,confidentiality signal conflict,Advisory,"The file provides a conceptual overview and supporting context for urban renewal strategies, which are typically advisory and flexible at this stage.",Whole Project,"It covers the entire hypothetical urban renewal case, including project themes, decision questions, and planning strategies affecting the overall project scope.",Relevant,"The file aligns with the Concept/Schematic phase, offering useful background and decision support, but does not address decisions that are currently stalled or critical to immediate design actions.",Partial,"It offers a high-level overview and synthetic case details but lacks detailed technical or design-specific data, requiring supplementary documents for full decision-making.",Stated Conclusions,"The document summarizes project themes and decision questions clearly, making it accessible to team members without requiring technical expertise to understand its main points.","This file directly informs the understanding of project scope, strategic themes, and decision questions at the conceptual stage, particularly around urban renewal strategies and green infrastructure. Its synthetic, high-level nature means it provides unique context that no generic source can substitute, especially for aligning team understanding. Reading it now ensures the team is grounded in the project’s overarching goals before detailed design decisions are made.","The file contains a textual overview of a synthetic urban renewal case in Amsterdam Zuidoost, focusing on project themes, decisions, and hypothetical scenarios. It supports understanding of project scope, planning strategies, and decision-making processes at the conceptual stage, specifically related to urban renewal and planning decisions.",,2026-09-16 15:01
05_case_assumptions.json,JSON,demo_data/Amsterdam_Bijlmermeer_Urban_Renewal_Case/00_case/05_case_assumptions.json,1,,00_case,full content (1045 chars),text,unknown,,Yes,Medium,Unknown,,Civil & Infrastructure,City / Municipal,Concept / Schematic,"Civil & Infrastructure, Project Management, Reference & Research",Data,"Data, Document, Archive","Structured JSON file with detailed project assumptions, including specific land use codes, population targets, and infrastructure measurements, for the Amsterdam Bijlmermeer urban renewal, aiding in defining precise urban planning constraints and scope decisions in a case study.","urban renewal, Amsterdam, city planning, assumptions, infrastructure",Internal,Not Confidential,"Filename and content sample do not indicate any confidential information, and the file is synthetic for demonstration purposes.",Medium,65,"Folder path indicates civil and infrastructure scope at a city-wide level, and filename tokens suggest a focus on projec",,Low,Auto-process,,Advisory,The file contains assumptions and project context that guide planning but are not legally binding or regulatory mandates.,Whole Project,"The assumptions influence overall urban renewal planning, land use, and infrastructure scope decisions across the entire project area.",Relevant,"While the file provides important context, it does not address decisions that are currently open or critical at this phase, but it supports ongoing planning activities.",Partial,"The file documents key assumptions and project scope parameters but lacks detailed technical or design-specific data, leaving some gaps in comprehensive project documentation.",Stated Conclusions,"The content clearly states assumptions and project scope, making it understandable for team members involved in planning and urban design without requiring technical expertise.","This file directly informs the urban renewal scope, land use, and infrastructure assumptions, which are fundamental to defining the project's boundaries and constraints. Its unique value lies in the explicitly stated assumptions that shape the entire project framework, which generic sources cannot replace. At the 'Concept / Schematic' phase, clarifying these assumptions is critical to ensure alignment on project scope and to prevent scope creep or misinterpretation in subsequent design stages.","Folder path indicates civil and infrastructure scope at a city-wide level, and filename tokens suggest a focus on project assumptions and planning. Content sample confirms the document contains structured project assumptions and planning details, supporting urban renewal decision-making. The file is part of a synthetic case for demonstrating urban renewal archive classification, with no specific technical or design details.",,2026-09-16 15:01
04_existing_conditions_report.pdf,PDF,demo_data/Amsterdam_Bijlmermeer_Urban_Renewal_Case/00_case/04_existing_conditions_report.pdf,4,1.0,00_case,1/1 pages · 1502 chars,text,unknown,,No,Medium,Unknown,,Civil & Infrastructure,Neighborhood / District,Design Development,"Civil & Infrastructure, Project Management",Document,"Document, Data, Archive","A synthetic report on existing conditions in Amsterdam Zuidoost, including detailed measurements of green space deficits, transportation infrastructure capacity, and ecological biodiversity gaps, supporting specific urban renewal strategies such as the implementation of new bike lanes and ecological corridors.","urban renewal, Amsterdam Zuidoost, existing conditions, neighborhood, infrastructure",Internal,Not Confidential,Filename and content do not indicate any explicit confidentiality labels or sensitive information.,Medium,60,"Folder path indicates urban renewal project in Amsterdam Zuidoost, and filename suggests a report on existing conditions",,Low,Auto-process,,Advisory,"The report provides synthetic, illustrative data intended for testing and training, not binding regulatory or contractual requirements.",Single Discipline,"It focuses on urban renewal conditions in a specific neighborhood, primarily informing urban planning and infrastructure decisions.",Relevant,"The file supports ongoing design development activities such as assessing existing conditions and planning interventions, but it is not critical for immediate decision-making.",Partial,"The report offers a high-level synthetic overview with some detailed measurements, but it explicitly states it is not an authentic or complete survey, leaving gaps in data.",Expert Extractable,The report contains technical observations and strategic recommendations that require domain expertise to interpret and apply effectively.,"This file directly informs decisions related to urban renewal strategies, such as prioritizing safe entrances, ecological corridors, and infrastructure repairs. Its unique value lies in its synthetic baseline, which helps validate planning assumptions and test design concepts at this stage. Given the current 'Design Development' phase, reading this report now ensures that the team considers existing condition constraints and opportunities before finalizing detailed design solutions.","Folder path indicates urban renewal project in Amsterdam Zuidoost, and filename suggests a report on existing conditions. Content sample describes a synthetic case study with project features, supporting urban planning and infrastructure decisions. The classification aligns with civil and urban planning documentation at the neighborhood scale during the design development phase.",,2026-09-16 15:01
03_historical_context.txt,TXT,demo_data/Amsterdam_Bijlmermeer_Urban_Renewal_Case/00_case/03_historical_context.txt,1,,00_case,full content (1486 chars),text,unknown,,No,Medium,Unknown,,Reference & Research,Neighborhood / District,Concept / Schematic,"Reference & Research, Architecture & Buildings, Project Management",Document,"Document, Data, Media","Historical context note discusses Bijlmermeer’s planning history, specific social issues like housing segregation, and renewal policies such as the 2010 urban renewal program, supporting heritage preservation and urban identity decisions in schematic planning phases.","Bijlmermeer, urban renewal, historical context, Amsterdam Zuidoost, social inequalities",Internal,Not Confidential,Content contains historical and project context information without sensitive or legal data.,High,85,"Folder path indicates urban renewal project in Amsterdam Bijlmermeer, with the filename '03_historical_context.txt' sugg",,Low,Auto-process,,Background,"The file provides historical context and planning background, serving as a reference rather than a binding or regulatory document.",Single Discipline,"It primarily influences urban design and planning considerations related to heritage, memory, and identity within the schematic phase.",Relevant,"The document supports ongoing decision-making about spatial and cultural aspects of renewal, which are actively discussed in the current phase.",Partial,"It covers historical planning, social issues, and heritage considerations but does not include detailed technical or design data.",Stated Conclusions,"The text clearly articulates its focus on historical context and urban identity, making it accessible for team members involved in schematic planning without requiring expert interpretation.","This file directly informs decisions about which spaces should be preserved as collective memory landscapes and how to connect new developments with inherited structures. Its unique value lies in framing heritage and memory considerations within the renewal process, which generic references cannot substitute. Given the project's schematic stage, understanding historical context now is crucial to shape design principles that respect urban identity and social memory, ensuring these aspects are integrated into the spatial framework before detailed design progresses.","Folder path indicates urban renewal project in Amsterdam Bijlmermeer, with the filename '03_historical_context.txt' suggesting a focus on historical background and planning context. Content sample confirms it discusses historical planning, social issues, and project questions, supporting classification as a narrative document related to urban planning history. The file is part of a project management or research phase, providing background for decision-making on heritage and identity preservation.",,2026-09-16 15:01
12_housing_stock_inventory.xlsx,XLSX,demo_data/Amsterdam_Bijlmermeer_Urban_Renewal_Case/02_surveys/12_housing_stock_inventory.xlsx,6,,02_surveys,all 2 sheet(s) — first 5 rows each,text,unknown,,Yes,Medium,Unknown,,Architecture & Buildings,Neighborhood / District,Construction Documents,"Architecture & Buildings, Civil & Infrastructure, Project Management",Data,"Data, Document, Drawing","The file contains structured housing inventory data and inspection notes for Amsterdam Bijlmermeer, supporting retrofit and housing stock management decisions at district scale during construction documentation phase.","housing inventory, inspection notes, urban renewal, district, retrofitting",Internal,Not Confidential,Filename and content do not contain any labels or signals indicating confidentiality.,High,85,"The filename indicates a housing inventory in an urban renewal context, with structured tabular data on building units a",,Low,Auto-process,,Advisory,The file contains inspection notes and housing inventory data that support retrofit planning but do not constitute mandatory regulatory or physical constraints.,Single Discipline,"It directly informs housing stock assessment and retrofit priorities within the architecture and building domain, affecting decisions related to building condition and retrofit actions.",Relevant,"The data supports ongoing retrofit and housing management decisions during the construction documentation phase, particularly for prioritizing retrofit actions and inspections, which are critical at this stage.",Partial,"The file documents housing units and inspection issues but lacks comprehensive technical details or full project documentation, requiring supplementary data for complete decision-making.",Expert Extractable,The structured data and inspection notes are clear for domain experts; non-specialists may need interpretation to act on retrofit priorities or inspection findings.,"This file directly addresses the decision on retrofit prioritization for specific housing units, providing district-scale housing condition insights that are not available from generic sources. Its timing is critical now, as the project is in the detailed design phase, where retrofit actions and inspections are being finalized, making this data essential for guiding targeted retrofit efforts and inspection planning.","The filename indicates a housing inventory in an urban renewal context, with structured tabular data on building units and inspection notes. Content analysis shows it supports housing stock assessment and retrofit planning decisions. The folder path and content sample confirm its focus on urban infrastructure at district scale, with lifecycle in construction documentation phase.",,2026-09-16 15:01
13_transport_counts.csv,CSV,demo_data/Amsterdam_Bijlmermeer_Urban_Renewal_Case/02_surveys/13_transport_counts.csv,0,,02_surveys,extraction failed — TypeError,metadata,unknown,,Yes,Medium,Unknown,,Mobility & Transport,Neighborhood / District,Design Development,"Mobility & Transport, Civil & Infrastructure, Project Management",Data,"Data, Calculation, Archive","Based on filename and folder analysis: Transport count data for Amsterdam Zuidoost, supporting urban mobility planning and traffic analysis within the Bijlmermeer renewal project. Facilitates transportation infrastructure decisions.","transport counts, Amsterdam Zuidoost, urban renewal, mobility analysis, CSV",Internal,Not Confidential,Filename and folder path do not indicate any sensitive or confidential information.,Medium,60,"Filename indicates a CSV file with transport count data for the Amsterdam Bijlmermeer urban renewal project, likely used",,Low,Auto-process,,Advisory,"Based on filename and classification only — no content extracted, it appears to be supporting data rather than a binding regulation or constraint.",Single Discipline,"The file pertains specifically to transport counts, which influence transportation planning and traffic analysis within the urban renewal project.",Relevant,Assessment based on filename and classification only — no content extracted; it supports ongoing mobility analysis relevant to current design development decisions.,Partial,"Based on filename and folder analysis, the file likely contains transport count data but lacks detailed content, making it incomplete for comprehensive decision-making.",Expert Extractable,"Assessment based on filename and classification only — no content extracted; conclusions or detailed findings are not explicitly stated, requiring domain expertise for interpretation.","Assessment based on filename and classification only — no content extracted. This file provides transport count data critical for traffic and mobility planning decisions, which are central to the current design development phase. Its specific location within the project folder suggests it supports ongoing discussions about transportation infrastructure, making it relevant now for refining traffic models and infrastructure layouts.","Filename indicates a CSV file with transport count data for the Amsterdam Bijlmermeer urban renewal project, likely used for transportation analysis or planning. The folder path and filename suggest it supports urban mobility and transport infrastructure decisions.",,2026-09-16 15:01
11_demographic_profile.csv,CSV,demo_data/Amsterdam_Bijlmermeer_Urban_Renewal_Case/02_surveys/11_demographic_profile.csv,0,,02_surveys,extraction failed — TypeError,metadata,unknown,,Yes,Medium,Unknown,,Project Management,Neighborhood / District,Concept / Schematic,"Project Management, Civil & Infrastructure, QS & Commercial",Data,Data,"Based on filename and folder analysis: A CSV demographic profile file for the Amsterdam Bijlmermeer project, containing population counts and age distribution data to inform housing allocation decisions within the urban renewal plan.","demographic, survey, Amsterdam, urban renewal, CSV",Internal,Not Confidential,"Filename and folder do not contain labels or signals indicating confidentiality, and CSV survey data is typically non-confidential.",Medium,60,"Filename indicates a CSV file with demographic survey data for the Amsterdam Bijlmermeer urban renewal project, likely f",,Low,Auto-process,,Advisory,"The file appears to be demographic survey data supporting urban renewal planning, which is typically advisory and can be overridden if necessary.",Whole Project,Demographic data influences overall housing allocation and urban renewal strategies affecting the entire project scope.,Relevant,"The project is in the Concept / Schematic phase, and demographic data is needed to inform key planning decisions such as housing distribution and community integration.",Partial,"As a demographic profile, it likely provides population counts and age distribution but may lack comprehensive detail or context, especially given the file size and metadata.",Expert Extractable,"The file is a CSV with demographic data; conclusions about its impact on design decisions require domain expertise in urban planning and demographic analysis, but the data itself is straightforward to interpret.","Assessment based on filename and classification only — no content extracted. This demographic profile directly informs decisions on housing allocation and community planning, which are critical at this stage. It provides specific population insights that generic demographic sources cannot substitute, making it valuable for shaping the urban renewal strategy now, before detailed design development.","Filename indicates a CSV file with demographic survey data for the Amsterdam Bijlmermeer urban renewal project, likely from the survey phase. It supports decisions related to demographic profiling and urban renewal planning.",,2026-09-16 15:01
02_project_brief.docx,DOCX,demo_data/Amsterdam_Bijlmermeer_Urban_Renewal_Case/00_case/02_project_brief.docx,36,,00_case,12 paragraphs,text,unknown,,No,High,Unknown,,Architecture & Buildings,Neighborhood / District,Concept / Schematic,"Architecture & Buildings, Project Management",Document,"Document, Data, Archive","A project brief for the Bijlmermeer urban renewal case, outlining conceptual strategies for green space, housing, and connectivity, supporting decision-making on renewal framework and retrofit options.","urban renewal, Amsterdam Zuidoost, concept framework, green space, housing strategy",Internal,Not Confidential,Filename and content do not indicate any explicit confidentiality labels or sensitive information.,Medium,65,"Folder path indicates urban renewal project in Amsterdam Zuidoost, and filename suggests a project brief document. Conte",,Low,Auto-process,,Client Brief,"The document outlines a conceptual project brief with specific renewal strategies and decision points, which are formalized project constraints that can influence design choices.",Whole Project,"It addresses overarching strategies for green space, housing, connectivity, and renewal framework, affecting multiple disciplines and project components.",Relevant,"The file is in the Concept / Schematic phase and directly informs key decisions such as retrofit options, housing strategies, and renewal framework, making it pertinent now.",Partial,"As a project brief, it provides a high-level overview and guiding principles but lacks detailed technical or design specifications, requiring supplementary documents for full scope.",Stated Conclusions,"The document clearly states strategic goals and decision points in accessible language, enabling project team members to understand and act on its guidance without needing domain-specific interpretation.","This file directly addresses the decision on retrofit options and renewal framework, providing unique conceptual guidance specific to the Bijlmermeer project that no generic source offers. Its timing is critical now, as the project is in the Concept / Schematic phase, where these strategic decisions are being finalized and will shape subsequent detailed design and planning activities.","Folder path indicates urban renewal project in Amsterdam Zuidoost, and filename suggests a project brief document. Content sample confirms it is a conceptual planning document for the Bijlmermeer renewal, focusing on social, spatial, and environmental criteria. The document is a narrative guidance, supporting decision-making on renewal framework and housing strategies.",,2026-09-16 15:01
15_water_and_flood_assessment.txt,TXT,demo_data/Amsterdam_Bijlmermeer_Urban_Renewal_Case/02_surveys/15_water_and_flood_assessment.txt,1,,02_surveys,full content (1036 chars),text,unknown,,No,Medium,Unknown,,Civil & Infrastructure,Neighborhood / District,Concept / Schematic,"Civil & Infrastructure, Environment & Climate, Project Management",Document,Document,"A synthetic water and flood assessment discusses rainfall modeling, drainage constraints, and storage capacity, informing flood risk mitigation and drainage system planning for the urban renewal area.","water, flood, drainage, polder, hydrology, urban renewal",Internal,Not Confidential,Filename and content do not indicate any confidential or sensitive information.,Medium,65,"Folder path indicates civil and infrastructure scope at urban district level, and filename tokens 'water' and 'flood' su",,Low,Auto-process,,Advisory,The document provides best-practice guidelines and assessments that inform design decisions but are not legally binding or mandated by regulation.,Single Discipline,The content specifically addresses civil infrastructure and hydrological considerations relevant to flood risk and drainage planning within the urban renewal project.,Relevant,"The file aligns with ongoing schematic phase decisions related to flood mitigation strategies, but it does not directly address the immediate open decisions such as courtyard levels or facade materials.",Partial,"The document summarizes a water and flood assessment with some technical details and identified constraints, but it lacks comprehensive data, detailed hydraulic calculations, or definitive design parameters.",Expert Extractable,"While the summary and findings are technical, the document's language and content require hydrological expertise to interpret and apply effectively in design decisions.","This file directly informs flood risk mitigation and drainage system planning, which are critical for establishing safe and compliant ground levels and water management strategies at this stage. Its unique focus on rainfall modeling, storage capacity, and drainage constraints provides specific insights that generic references cannot substitute. The 'Concept / Schematic' phase is optimal for integrating these considerations into the evolving site layout and infrastructure design, ensuring flood resilience is embedded early in the project.","Folder path indicates civil and infrastructure scope at urban district level, and filename tokens 'water' and 'flood' suggest hydrological assessment. Content sample describes a low-lying polder context, rainfall modeling, and drainage constraints, aligning with civil infrastructure and hydrology. The document supports flood risk assessment and drainage planning decisions.",,2026-09-16 15:01
14_land_use_inventory.geojson,GEOJSON,demo_data/Amsterdam_Bijlmermeer_Urban_Renewal_Case/02_surveys/14_land_use_inventory.geojson,2,,02_surveys,.GEOJSON — text fallback,text,unknown,,Yes,Medium,Unknown,,Civil & Infrastructure,Neighborhood / District,Design Development,Civil & Infrastructure,Data,Data,"GeoJSON land use inventory features residential towers and land parcels in Amsterdam Zuidoost, supporting urban renewal planning and land management analysis at district scale.","land use, geojson, Amsterdam, urban renewal, district",Internal,Not Confidential,Filename and content sample do not indicate any explicit confidentiality labels or sensitive information.,Medium,65,"Folder path indicates urban renewal project in Amsterdam Zuidoost, with filename '14_land_use_inventory.geojson' suggest",,Low,Auto-process,,Background,"The file is marked as synthetic demo data and does not represent an authoritative or regulatory source, thus it does not impose binding constraints.",Single Discipline,"The land use inventory primarily informs urban planning and land management decisions within the design development phase, affecting land use and urban renewal strategies.",Relevant,"While the data supports ongoing urban renewal planning, it does not directly address immediate open decisions like facade material or courtyard levels, but provides context for land use constraints.",Partial,"The file contains land use features relevant to district-scale planning but is a synthetic demo with limited detailed data, thus not fully comprehensive.",Expert Extractable,"The geojson format and land use data require domain expertise to interpret and apply effectively, though the data structure is straightforward for GIS specialists.","This file directly informs the spatial framework and land use constraints for the urban renewal project, providing specific land parcel and building type information that no generic source can substitute. Its timely review in the design development phase ensures land use considerations are integrated into detailed planning and coordination efforts, especially given the ongoing urban renewal decisions and stakeholder engagement.","Folder path indicates urban renewal project in Amsterdam Zuidoost, with filename '14_land_use_inventory.geojson' suggesting land use data at district or neighborhood scale. Content sample shows land use types like residential towers, supporting urban planning and land management decisions. The file's structure and properties point to GIS data used for land use inventory analysis in the context of city-wide urban renewal planning.",,2026-09-16 15:01
32_simplified_coordination_model.ifc,IFC,demo_data/Amsterdam_Bijlmermeer_Urban_Renewal_Case/04_delivery/32_simplified_coordination_model.ifc,1,,04_delivery,IFC header + entity types,text,high,,No,Medium,Unknown,2026.0,Structural Engineering,Neighborhood / District,Construction Documents,"Structural Engineering, Project Management, Civil & Infrastructure",Model,"Model, Drawing, Data","The IFC file from 2026 contains project entities like site, building, and storey, supporting BIM coordination during construction documentation for the Amsterdam Bijlmermeer urban renewal project.","IFC, urban renewal, BIM, coordination, Amsterdam, 2026",Internal,Not Confidential,Filename and content analysis show no explicit confidentiality labels or sensitive information.,High,85,"The filename indicates a simplified coordination model in IFC format from 2026, related to the Amsterdam Bijlmermeer urb",,Low,Auto-process,,,,,,,,,,,,,"The filename indicates a simplified coordination model in IFC format from 2026, related to the Amsterdam Bijlmermeer urban renewal project. Content analysis shows it includes project entities like site, building, and storey, suggesting a technical, spatial, and project management focus. The IFC header and entity types point to a BIM coordination and technical development stage, supporting construction document coordination for the urban renewal scheme.",,2026-09-16 15:01
16_geotechnical_desktop_study.txt,TXT,demo_data/Amsterdam_Bijlmermeer_Urban_Renewal_Case/02_surveys/16_geotechnical_desktop_study.txt,0,,02_surveys,full content (961 chars),text,unknown,,Yes,Medium,Technical,,Civil & Infrastructure,Neighborhood / District,Design Development,"Civil & Infrastructure, Structural Engineering, Project Management",Data,"Data, Document, Calculation","The geotechnical desktop study analyzes soil profiles, including clay and sand layer depths, and evaluates foundation options such as pile and raft foundations for the Amsterdam Bijlmermeer renewal, informing foundation selection and site stability assessments.","geotechnical, soil profile, foundation, Amsterdam Zuidoost, urban renewal",Internal,Not Confidential,Filename and content do not indicate any confidential or sensitive information.,High,85,Folder path indicates civil and geotechnical survey data within an urban renewal project. Filename tokens 'STUDY' and co,,Low,Review confidentiality judgment,confidentiality signal conflict,Hard Constraint,"The file is classified as a geotechnical desktop study, which is a non-negotiable engineering document critical for foundation and site stability decisions.",Single Discipline,"The file specifically addresses geotechnical soil profiles and foundation options, which are focused on a single technical discipline within civil engineering.",Relevant,"The geotechnical data directly informs foundation selection and site stability assessments, which are essential for ongoing design development.",Partial,The file provides specific geotechnical insights but does not cover the entire project scope or all design aspects.,Expert Extractable,The technical nature of the geotechnical study requires domain expertise to interpret and apply the findings effectively.,"Given its classification as a geotechnical study and its authoritative status, this file is pivotal for foundation and site stability decisions. Its specificity to geotechnical conditions means it directly influences critical engineering choices, especially in the context of urban renewal where ground conditions are a key concern. The absence of a newer version in the folder suggests this is the most current geotechnical input, making it highly relevant for ongoing design decisions.","Folder path indicates civil and geotechnical survey data within an urban renewal project. Filename tokens 'STUDY' and content focus on geotechnical desktop analysis, including soil profiles and foundation considerations. Content sample discusses geotechnical findings and recommendations, supporting foundation and site stability decisions.",,2026-09-16 15:01
17_structural_condition_survey.txt,TXT,demo_data/Amsterdam_Bijlmermeer_Urban_Renewal_Case/02_surveys/17_structural_condition_survey.txt,0,,02_surveys,full content (942 chars),text,unknown,,No,Medium,Unknown,,Structural Engineering,Neighborhood / District,Construction Documents,"Structural Engineering, Project Management, Civil & Infrastructure",Document,Document,"Structural condition survey reports cracking, corrosion risk, and inspection recommendations for tower B-T02 in Amsterdam Bijlmermeer, including specific crack widths, corrosion levels, and compliance with NEN 2699 standards, to inform foundation reinforcement and load transfer design decisions during construction documentation.","structural survey, cracking, corrosion, load path, Amsterdam, urban renewal",Internal,Not Confidential,Content is a structural survey report with no explicit confidentiality labels.,High,90,"Folder path indicates urban renewal project in Amsterdam Bijlmermeer, with filename tokens suggesting a structural surve",,Low,Auto-process,,Hard Constraint,"The file is a structural condition survey report, which is a non-negotiable technical document critical for foundation reinforcement and load transfer decisions.",Single Discipline,"The report specifically addresses structural condition issues for tower B-T02, directly impacting structural engineering decisions.",Relevant,The survey findings are essential for ongoing construction documentation and foundation reinforcement planning within the project timeline.,Partial,The file provides detailed inspection data for a specific tower but does not cover the entire project scope.,Expert Extractable,The report contains technical data and inspection findings that require domain expertise to interpret and apply.,"Given its focus on structural integrity and reinforcement needs, this survey report is pivotal for immediate construction decisions related to foundation and load path stability. Its unique data on cracking and corrosion directly influence critical engineering actions, and no similar files in the folder or project database appear to duplicate or supersede this information.","Folder path indicates urban renewal project in Amsterdam Bijlmermeer, with filename tokens suggesting a structural survey. Content sample describes structural cracking, corrosion risk, and inspection recommendations, informing foundation and load path decisions. The classification aligns with structural engineering scope at the construction documentation lifecycle stage, with high confidence based on content and filename cues.",,2026-09-16 15:01
26_phasing_and_programme.xlsx,XLSX,demo_data/Amsterdam_Bijlmermeer_Urban_Renewal_Case/04_delivery/26_phasing_and_programme.xlsx,6,,04_delivery,all 2 sheet(s) — first 5 rows each,text,medium,,Yes,Medium,Unknown,2025.0,Civil & Infrastructure,Neighborhood / District,Concept / Schematic,"Civil & Infrastructure, Project Management",Data,"Data, Document, Calculation","Excel file with detailed project phases, key milestones, and dependency links for the Amsterdam Bijlmermeer urban renewal, supporting critical scheduling decisions during the concept/schematic design phase.","urban renewal, project schedule, milestones, Amsterdam, programming",Internal,Not Confidential,Filename and content do not indicate any confidential or sensitive information.,High,85,Folder path indicates civil and infrastructure scope with urban renewal context; filename tokens suggest project schedul,,Low,Auto-process,,Advisory,The file provides project scheduling and milestone dependencies that support management decisions but do not legally or physically constrain the design.,Whole Project,"It covers project phases, key milestones, and dependencies relevant to the entire urban renewal effort, influencing overall scheduling and coordination.",Relevant,"The file is in the concept/schematic phase and directly supports critical scheduling decisions, especially for upcoming design reviews and coordination activities.",Partial,"It contains detailed project phases and milestones but lacks comprehensive technical or design-specific content, focusing mainly on scheduling and project management.",Expert Extractable,"The content is technical and structured for project management, requiring domain knowledge to interpret dependencies and milestones effectively, but conclusions are not explicitly stated.","This file directly informs the scheduling and sequencing of project activities, particularly the timing of key milestones like concept freeze and spatial agreement. Its detailed dependencies provide unique insights into project flow that generic scheduling tools cannot substitute. At the 'Concept / Schematic' phase, timely access to this schedule is critical to align design activities with project milestones, ensuring that design decisions are synchronized with project delivery timelines.","Folder path indicates civil and infrastructure scope with urban renewal context; filename tokens suggest project scheduling and programming phase; content sample shows project phases, milestones, and dependencies relevant to urban renewal planning. The file supports project management and scheduling decisions for the Amsterdam Bijlmermeer urban renewal project.",,2026-09-16 15:01
18_noise_and_air_quality_assessment.txt,TXT,demo_data/Amsterdam_Bijlmermeer_Urban_Renewal_Case/02_surveys/18_noise_and_air_quality_assessment.txt,0,,02_surveys,full content (879 chars),text,unknown,,No,Medium,Unknown,,Environment & Climate,Neighborhood / District,Design Development,"Environment & Climate, Civil & Infrastructure, Project Management",Document,Document,"Noise and air quality assessment in Amsterdam Zuidoost analyzes decibel levels exceeding 65 dB and PM2.5 concentrations above 12 µg/m³, informing the implementation of noise barriers and low-emission zones to mitigate environmental impacts.","noise assessment, air quality, urban renewal, Amsterdam Zuidoost, environmental measurements",Internal,Not Confidential,Content is textual assessment report with no legal or financial sensitivity.,Medium,65,"Folder path indicates urban renewal project in Amsterdam Zuidoost, with filename referencing noise and air quality asses",,Low,Auto-process,,Advisory,"The document provides environmental assessment insights and suggested design responses, which are best-practice recommendations rather than legally binding constraints.",Single Discipline,"It primarily influences environmental and urban design considerations related to noise and air quality, affecting specific design responses within the broader project.",Relevant,"The file addresses environmental constraints and potential mitigation strategies that are pertinent during the detailed design phase, but it does not directly resolve open decisions at this moment.",Partial,"The document discusses environmental measurements and preliminary design responses but lacks comprehensive data or detailed technical specifications, requiring supplementary information for full application.",Expert Extractable,"Findings are embedded within technical assessments and design considerations, requiring domain expertise to interpret and act upon effectively.","This file directly informs the decision on implementing noise barriers and air quality mitigation measures, providing specific environmental thresholds and design suggestions unique to the Amsterdam Zuidoost context. Its insights are critical now to refine environmental mitigation strategies before finalizing detailed design elements, ensuring compliance and community well-being.","Folder path indicates urban renewal project in Amsterdam Zuidoost, with filename referencing noise and air quality assessment. Content discusses environmental measurements and design responses, supporting decisions on noise mitigation and air quality management. No explicit date found, but content suggests recent planning phase.",,2026-09-16 15:01
30_planning_constraints_register.txt,TXT,demo_data/Amsterdam_Bijlmermeer_Urban_Renewal_Case/04_delivery/30_planning_constraints_register.txt,0,,04_delivery,full content (881 chars),text,unknown,,No,High,Unknown,,Administrative & Legal,Neighborhood / District,Concept / Schematic,"Administrative & Legal, Project Management",Document,"Document, Data, Archive","A textual planning constraints register for the Amsterdam Bijlmermeer urban renewal project, outlining key urban and environmental constraints to guide development decisions during the schematic phase.","urban renewal, Amsterdam Zuidoost, planning constraints, district, urban policy",Internal,Not Confidential,Content is a planning constraints register with no explicit confidentiality labels or sensitive information.,High,85,"Folder path indicates urban renewal project in Amsterdam Zuidoost, with filename suggesting a planning constraints regis",,Low,Auto-process,,Advisory,"The document provides guidance on planning constraints that influence design decisions but explicitly states they are prompts requiring verification against policies, indicating they are recommendations rather than legally binding mandates.",Whole Project,"The constraints listed impact overall urban planning and design considerations across the entire Bijlmermeer renewal project, affecting multiple disciplines and the master plan.",Relevant,"The file addresses constraints relevant to ongoing schematic phase decisions, such as green space and utility coordination, which are critical at this stage but do not require immediate resolution to prevent work stalls.",Partial,"The document outlines key constraints but is a high-level register with illustrative prompts, not a comprehensive or detailed set of requirements, thus missing specific technical or legal details.",Expert Extractable,The constraints are presented as textual prompts requiring urban planning expertise to interpret and apply; they are not explicitly stated conclusions or straightforward instructions for non-specialists.,"This file directly informs the decision on urban planning constraints affecting the overall site layout, green space allocation, and utility coordination, which are pivotal for shaping the schematic design. Its unique value lies in the specific constraints tailored to the Bijlmermeer context, which generic urban planning guidelines cannot substitute. Given the project is in the schematic phase, understanding these constraints now is essential to ensure design options align with urban policy and environmental considerations before detailed design progresses.","Folder path indicates urban renewal project in Amsterdam Zuidoost, with filename suggesting a planning constraints register. Content sample confirms it is a textual planning constraints document, supporting urban planning and policy decisions. No explicit date is found, but content references project phases and constraints relevant to the development stage.",,2026-09-16 15:01
24_synthetic_renewal_diagram.png,PNG,demo_data/Amsterdam_Bijlmermeer_Urban_Renewal_Case/03_design/24_synthetic_renewal_diagram.png,50,,03_design,vision — VLM description,vision,unknown,,No,Medium,Unknown,,Civil & Infrastructure,Neighborhood / District,Concept / Schematic,"Civil & Infrastructure, Landscape & Public Realm",Media,"Media, Drawing, Data","A schematic diagram illustrating specific urban renewal strategies in Amsterdam Bijlmermeer, such as the implementation of the 2018 Amsterdam Urban Renewal Code, including high-rise repair standards, green infrastructure projects like the Green City Initiative, and the development of mixed-use streets aligned with the 2020 District Development Plan, to inform district-level urban planning decisions.","urban renewal, Amsterdam, schematic diagram, district planning, green infrastructure",Internal,Not Confidential,Filename and content do not indicate any explicit confidentiality labels or sensitive information.,Medium,70,"Folder path indicates urban renewal project in Amsterdam Bijlmermeer, with sibling files related to mobility and spatial",,Low,Auto-process,,,,,,,,,,,,,"Folder path indicates urban renewal project in Amsterdam Bijlmermeer, with sibling files related to mobility and spatial framework, suggesting a city-scale planning context. The filename and content sample reveal a schematic diagram of renewal strategies, including high-rise repair, green infrastructure, and mixed-tenure streets, supporting urban planning decision-making. The visual content and project labels confirm a schematic/technical information type at the district scale, with a focus on conceptual urban renewal strategies.",,2026-09-16 15:01
27_outline_cost_plan.xlsx,XLSX,demo_data/Amsterdam_Bijlmermeer_Urban_Renewal_Case/04_delivery/27_outline_cost_plan.xlsx,6,,04_delivery,all 2 sheet(s) — first 5 rows each,text,unknown,,Yes,Medium,Unknown,,QS & Commercial,Neighborhood / District,Design Development,"QS & Commercial, Project Management",Data,"Data, Calculation","Cost estimates for public realm, retrofit, and housing packages are detailed in tabular format, supporting project budgeting and scope planning for the Amsterdam Bijlmermeer renewal.","cost plan, urban renewal, Amsterdam, budget, public realm",Internal,Not Confidential,Filename and content sample do not indicate any confidentiality labels or sensitive information.,Medium,65,"Folder path indicates urban renewal project in Amsterdam Zuidoost, with filename '27_outline_cost_plan.xlsx' suggesting",,Low,Auto-process,,Advisory,"The file provides cost estimates and assumptions supporting project scope and budgeting, which are recommendations rather than mandatory constraints.",Whole Project,"The cost plan covers multiple packages including public realm, retrofit, and housing, affecting overall project budgeting and scope decisions.",Relevant,"The file aligns with the current design development phase, providing financial context that directly influences upcoming design reviews and scope adjustments.",Mostly Complete,"The document contains detailed cost estimates and assumptions for key project packages, but lacks comprehensive technical or regulatory details, making it a solid but not exhaustive reference.",Expert Extractable,The content is technical and requires familiarity with cost planning and urban renewal projects; non-experts can interpret the high-level data but need expertise for detailed decision-making.,"This file directly informs the finalization of project budgets and scope allocations for public realm, retrofit, and housing packages, which are critical at this stage for resource planning and stakeholder alignment. Its detailed cost assumptions and synthetic estimates provide unique, project-specific financial context that generic sources cannot substitute. Reading it now ensures that upcoming design reviews and scope negotiations are grounded in current financial realities, preventing scope creep or budget overruns.","Folder path indicates urban renewal project in Amsterdam Zuidoost, with filename '27_outline_cost_plan.xlsx' suggesting a cost planning document. Content sample shows cost estimates for public realm, retrofit, and housing packages, supporting financial and project scope decisions. No explicit date found, but content aligns with design development or early construction planning phase.",,2026-09-16 15:01
19_spatial_framework.txt,TXT,demo_data/Amsterdam_Bijlmermeer_Urban_Renewal_Case/03_design/19_spatial_framework.txt,0,,03_design,full content (951 chars),text,unknown,,No,Medium,Unknown,,Architecture & Buildings,Neighborhood / District,Concept / Schematic,"Architecture & Buildings, Landscape & Public Realm, Reference & Research",Document,"Document, Data, Archive","A conceptual spatial framework describing urban renewal strategies in Amsterdam Zuidoost, focusing on neighborhood-scale structure and public realm design, supporting early planning decisions.","urban renewal, spatial framework, Amsterdam Bijlmermeer, concept plan, neighborhood",Internal,Not Confidential,Filename and content do not indicate any explicit confidentiality labels or sensitive information.,Medium,60,"Folder path indicates urban renewal project in Amsterdam Bijlmermeer, and filename suggests a conceptual spatial framewo",,Low,Auto-process,,Advisory,"The document provides conceptual guidance and urban renewal strategies without statutory or regulatory mandates, making it an advisory resource rather than a binding constraint.",Whole Project,"It influences the overall spatial framework and urban renewal approach, affecting multiple disciplines and the master plan at a conceptual level.",Relevant,"The file aligns with the current schematic phase, supporting early planning decisions; however, it does not directly resolve immediate open decisions like facade materials or survey data.",Partial,"The document offers a high-level conceptual spatial framework but lacks detailed technical or boundary information, leaving some gaps for detailed design.",Stated Conclusions,"The narrative clearly articulates urban renewal concepts and spatial strategies in plain language, accessible to a broad project team without requiring technical expertise.","This file directly informs the overarching spatial structure and urban renewal strategy, which are critical at this schematic stage. Its unique synthesis of evidence from various project files supports early decision-making on neighborhood layout and public realm design. The timing is optimal, as the project is in the conceptual phase, making it essential for shaping subsequent detailed design and coordination efforts.","Folder path indicates urban renewal project in Amsterdam Bijlmermeer, and filename suggests a conceptual spatial framework document. Content sample describes a conceptual plan with no technical or detailed design data, aligning with a schematic or early-stage planning document. The classification reflects its role in defining spatial structure at a concept level, supporting urban planning decisions.",,2026-09-16 15:01
37_consultant_update.eml,EML,demo_data/Amsterdam_Bijlmermeer_Urban_Renewal_Case/05_governance/37_consultant_update.eml,0,,05_governance,headers + body excerpt,text,high,,No,Medium,Unknown,2026.0,Project Management,Neighborhood / District,Construction Administration,"Project Management, Administrative & Legal",Archive,"Archive, Document, Media","A fabricated email from 2026 demonstrates project governance updates for Amsterdam Bijlmermeer urban renewal, supporting project management and administrative coordination during construction phase.","Amsterdam, urban renewal, project management, 2026, governance, email, demo",Internal,Not Confidential,"Filename and content do not indicate any explicit confidentiality labels, and the email is fabricated for demonstration purposes.",High,90,"Folder path indicates governance documents related to Amsterdam Bijlmermeer urban renewal, with filename tokens suggesti",,Low,Review confidentiality judgment,confidentiality signal conflict,,,,,,,,,,,,"Folder path indicates governance documents related to Amsterdam Bijlmermeer urban renewal, with filename tokens suggesting a project update from 2026. Content sample confirms the email is fabricated for demonstration, not an actual project record. Classification as governance documentation at project management scale during construction administration phase is appropriate, with high confidence due to folder and filename cues.",,2026-09-16 15:01
20_mobility_and_transit_strategy.txt,TXT,demo_data/Amsterdam_Bijlmermeer_Urban_Renewal_Case/03_design/20_mobility_and_transit_strategy.txt,0,,03_design,full content (909 chars),text,medium,,No,Medium,Unknown,2024.0,Civil & Infrastructure,Neighborhood / District,Concept / Schematic,"Civil & Infrastructure, Mobility & Transport, Project Management",Document,Document,"Textual mobility and transit strategy outlines movement hierarchy, shared corridors, crossings, and wayfinding improvements for Amsterdam Zuidoost, supporting urban transit planning decisions for the 2024–2029 period.","mobility, transit, urban renewal, Amsterdam Zuidoost, transport strategy",Internal,Not Confidential,Filename and content do not indicate any confidential or sensitive information.,High,85,"Folder path indicates civil and infrastructure scope at urban district level, and filename tokens suggest a mobility and",,Low,Auto-process,,Advisory,The document provides best-practice urban transit strategies and recommendations that can influence design choices but are not legally binding or mandated by regulation.,Whole Project,"The mobility and transit strategy impacts overall urban planning, movement hierarchies, and infrastructure decisions across the entire Amsterdam Bijlmermeer renewal project.",Relevant,"The file addresses planning considerations pertinent to the current schematic phase, informing key movement and infrastructure decisions that are actively being developed.",Partial,"The document outlines strategic concepts and moves but lacks detailed technical data or specific design parameters, requiring supplementary information for full implementation.",Expert Extractable,The content is written in technical language with strategic recommendations; a project team member with urban planning or transit expertise can interpret and act on it without needing a specialist.,"This file directly informs the urban transit hierarchy and movement corridor decisions, which are critical at this stage for shaping the overall layout and infrastructure. It offers specific strategic moves that are not available in generic planning guidelines, making it essential for refining the project's mobility framework now, before detailed design development.","Folder path indicates civil and infrastructure scope at urban district level, and filename tokens suggest a mobility and transit strategy document. Content sample confirms focus on urban transit planning, prioritizing pedestrian and transit movement hierarchies. No explicit date found, but project context implies 2024–2029 timeframe, and the document is in textual format, supporting planning decisions for mobility and transit systems.",,2026-09-16 15:01
29_procurement_strategy.txt,TXT,demo_data/Amsterdam_Bijlmermeer_Urban_Renewal_Case/04_delivery/29_procurement_strategy.txt,0,,04_delivery,full content (901 chars),text,low,,No,High,Unknown,,Project Management,Neighborhood / District,Construction Documents,"Project Management, QS & Commercial, Administrative & Legal",Document,Document,"A text-based procurement strategy discussion for the Amsterdam Bijlmermeer urban renewal project, focusing on project delivery routes and risk management, supporting procurement planning decisions.","procurement strategy, urban renewal, Amsterdam, project management, risk management",Internal,Not Confidential,Content is a procurement strategy discussion with no explicit confidentiality labels.,Medium,65,"Folder path indicates urban renewal project in Amsterdam Bijlmermeer, and filename suggests a procurement strategy docum",,Low,Auto-process,,Advisory,"The document provides best-practice recommendations and strategic considerations without legal or regulatory mandates, making it advisory in nature.",Single Discipline,"The content focuses specifically on procurement strategy and project management decisions related to construction delivery routes, affecting a particular aspect of the project.",Relevant,"The file addresses procurement planning and risk management decisions that are pertinent during the detailed design and procurement phase, but it does not directly resolve current open decisions.",Partial,"The document discusses procurement routes, risk considerations, and planning recommendations but lacks detailed technical or contractual specifics, leaving some gaps.",Expert Extractable,"While the language is clear and strategic, extracting actionable decisions requires domain expertise in procurement and project management; non-experts can understand the general ideas but cannot act on specifics without expertise.","This file directly informs the decision on selecting the project delivery route and risk mitigation strategies for the upcoming procurement phase, providing project-specific insights that generic sources cannot substitute. Its timing in the Construction Documents phase makes it critical for refining procurement planning before finalizing contracts and execution strategies.","Folder path indicates urban renewal project in Amsterdam Bijlmermeer, and filename suggests a procurement strategy document from the project phase. Content sample discusses procurement routes, risk management, and project planning, aligning with project management and commercial decision-making. No explicit date is found, but context implies a late planning or early procurement stage within the 2024–2029 timeline.",,2026-09-16 15:01
22_energy_and_climate_strategy.txt,TXT,demo_data/Amsterdam_Bijlmermeer_Urban_Renewal_Case/03_design/22_energy_and_climate_strategy.txt,0,,03_design,full content (858 chars),text,unknown,,No,Medium,Unknown,,Environment & Climate,Neighborhood / District,Concept / Schematic,"Environment & Climate, Architecture & Buildings, Project Management",Document,"Document, Data, Media","A strategic climate and energy plan for Amsterdam Bijlmermeer, focusing on retrofit, PV, and shading targets, supporting urban renewal energy policy decisions.","energy strategy, climate targets, PV installation, shading, urban renewal",Internal,Not Confidential,Filename and content do not indicate any explicit confidentiality labels or sensitive information.,Medium,60,"Folder path indicates urban renewal project in Amsterdam Zuidoost, with filename '22_energy_and_climate_strategy' sugges",,Low,Auto-process,,Advisory,"The document provides strategic recommendations and targets related to energy and climate, which are best-practice guidelines rather than mandatory constraints.",Whole Project,"The energy and climate strategy influences overall retrofit approaches, PV installation targets, shading, and energy reduction goals that impact the entire urban renewal project.",Relevant,"The project is in the Concept / Schematic phase, and the strategy's targets and recommendations are directly applicable to ongoing design decisions, but are not yet critical or decision-locked.",Partial,"The file outlines strategic targets and general approaches but lacks detailed technical or design-specific data, requiring supplementary information for precise application.",Expert Extractable,"The document summarizes strategic goals and targets in accessible language, but applying its recommendations requires technical expertise in energy systems and urban retrofit design.","This file directly informs decisions on retrofit strategies, PV installation scope, shading interventions, and energy demand reduction targets, which are critical at this early design stage. Its unique value lies in the specific strategic targets tailored to the Bijlmermeer context, which generic sustainability guidelines cannot substitute. Addressing these considerations now ensures alignment with city climate policies and urban renewal goals, preventing costly redesigns later.","Folder path indicates urban renewal project in Amsterdam Zuidoost, with filename '22_energy_and_climate_strategy' suggesting a focus on sustainability and climate measures. Content sample describes strategic targets for energy reduction, PV installation, and shading, informing decision-making on retrofit and energy systems. The document is a strategic report at the concept or early design stage, supporting climate and energy planning decisions.",,2026-09-16 15:01
23_heritage_and_memory_note.txt,TXT,demo_data/Amsterdam_Bijlmermeer_Urban_Renewal_Case/03_design/23_heritage_and_memory_note.txt,0,,03_design,full content (923 chars),text,unknown,,No,Medium,Unknown,,Architecture & Buildings,Neighborhood / District,Concept / Schematic,"Architecture & Buildings, Reference & Research, Project Management",Document,"Document, Data, Media","A synthetic note discusses heritage sites, resident stories, and memory preservation strategies for urban renewal in Amsterdam Zuidoost, supporting heritage management and community engagement decisions.","heritage, memory, urban renewal, Amsterdam Zuidoost, community stories",Internal,Not Confidential,Content contains narrative and heritage management guidance with no sensitive or legal information.,Medium,60,"Folder path indicates urban renewal project in Amsterdam Zuidoost, with filename tokens referencing heritage and memory.",,Low,Auto-process,,Advisory,"The note provides best-practice guidance on heritage and memory preservation, which can influence design choices but is not legally binding or mandated by regulation.",Single Discipline,"It specifically informs heritage management and community engagement strategies within the urban renewal project, affecting decisions related to design narrative and community interaction.",Relevant,"The project is in the Concept / Schematic phase, and the note addresses heritage and memory considerations that are critical for shaping initial design concepts and community engagement strategies at this stage.",Partial,"The document discusses community memory and heritage preservation strategies but lacks detailed technical or regulatory content, focusing on narrative and community engagement aspects.",Expert Extractable,"The note is written in accessible language with clear recommendations, enabling project team members involved in community engagement and heritage considerations to interpret and act on its guidance without requiring specialist expertise.","This file directly informs the decision on how to incorporate heritage and memory narratives into the urban renewal design, specifically guiding community engagement and landscape retention strategies. Its unique focus on resident stories and memory preservation provides context-specific insights that generic heritage guidelines cannot substitute. Since the project is in the early design phase, integrating these considerations now ensures that heritage values are embedded into the master plan and community interactions before detailed design development begins.","Folder path indicates urban renewal project in Amsterdam Zuidoost, with filename tokens referencing heritage and memory. Content describes a synthetic note on community memory, heritage sites, and narrative preservation, supporting decisions on community engagement and heritage management. The content is narrative and context-specific, with no technical drawings or data, focusing on heritage and memory preservation strategies.",,2026-09-16 15:01
BJM-RFI-register.csv,CSV,demo_data/Amsterdam_Bijlmermeer_Urban_Renewal_Case/06_synthetic_expansion/05_coordination/BJM-RFI-register.csv,0,,05_coordination,extraction failed — TypeError,metadata,unknown,,Yes,Low,Unknown,,Project Management,Neighborhood / District,Construction Administration,"Project Management, Administrative & Legal",Data,"Data, Document, Archive","Based on filename and folder analysis: Filename indicates a project RFI register related to the Amsterdam Bijlmermeer urban renewal project, specifically documenting technical queries and design clarifications during the construction phase to facilitate decision-making and issue resolution.","RFI, project management, Amsterdam, urban renewal, coordination",Internal,Not Confidential,Filename and folder metadata indicate no explicit confidentiality labels or content suggesting sensitive information.,Low,30,Folder path indicates project management and coordination activities for the Amsterdam Bijlmermeer urban renewal case. F,,Medium,Manual review (Folder path indicates project management and coordination activities for the Amsterdam Bijlmermeer urban renewal case. F),low certainty: Folder path indicates project management and coordination activities for the Amsterdam Bijlmermeer urban renewal case. F,,,,,,,,,,,,Folder path indicates project management and coordination activities for the Amsterdam Bijlmermeer urban renewal case. Filename tokens 'BJM' and 'RFI' suggest a focus on project communication and issue tracking. The file's metadata-only extraction failure and related files classified as project management documents support this. It likely pertains to project coordination or RFI tracking during the design development or construction administration phase.,,2026-09-16 15:01
28_risk_register.xlsx,XLSX,demo_data/Amsterdam_Bijlmermeer_Urban_Renewal_Case/04_delivery/28_risk_register.xlsx,6,,04_delivery,all 2 sheet(s) — first 5 rows each,text,unknown,,Yes,Medium,Unknown,,Civil & Infrastructure,City / Municipal,Construction Documents,"Civil & Infrastructure, Project Management",Data,"Data, Document, Archive","Risk register XLSX file with structured risk data, including risk IDs, causes, impacts, and mitigation strategies, specifically used for prioritizing hazard mitigation in the Amsterdam Bijlmermeer urban renewal project.","risk register, urban renewal, Amsterdam, project management, risk mitigation",Internal,Not Confidential,Filename and content sample do not indicate any confidentiality labels or sensitive information.,High,85,"Folder path indicates civil and infrastructure scope at a city-wide level, with the risk register containing structured",,Low,Auto-process,,Advisory,The risk register provides structured risk management data that guides project mitigation strategies but does not impose legal or regulatory constraints.,Multi-Discipline,"The risk data covers risks related to structural, hydraulic, resident, noise, and other issues across multiple project aspects, affecting various disciplines.",Relevant,"The file addresses risks that are actively managed during the detailed design phase, informing decisions on mitigation strategies that are critical at this stage but not immediately stalling work.",Mostly Complete,"The risk register includes key risks, causes, impacts, and mitigation strategies, but may lack detailed context or external references, making it a solid but not exhaustive record.",Expert Extractable,"The structured data with clear risk statements and mitigation actions can be acted upon by project team members with some domain knowledge, though interpretation of risk severity may require expertise.","This file directly informs risk mitigation decisions for critical project elements such as structural retrofit, flood management, and resident displacement, providing project-specific risk assessments that are not easily replaced by generic sources. Its timing aligns with ongoing detailed design activities, making it essential for prioritizing hazard mitigation strategies before finalizing construction plans.","Folder path indicates civil and infrastructure scope at a city-wide level, with the risk register containing structured project risk data relevant to urban renewal. Filename tokens 'RISK' and '28' suggest a project management document focused on risk assessment. Content sample confirms risk management for infrastructure and urban planning decisions. The file is part of the project management lifecycle, supporting risk mitigation strategies for the Amsterdam Bijlmermeer renewal.",,2026-09-16 15:01
21_landscape_ecology_strategy.txt,TXT,demo_data/Amsterdam_Bijlmermeer_Urban_Renewal_Case/03_design/21_landscape_ecology_strategy.txt,0,,03_design,full content (938 chars),text,medium,,No,Medium,Unknown,2024.0,Landscape & Public Realm,Neighborhood / District,Concept / Schematic,"Landscape & Public Realm, Environment & Climate",Document,"Document, Data, Media","The file details specific landscape ecology strategies such as the implementation of green corridors along the A9 highway, targets habitat restoration in the Bullewijk area, and proposes green infrastructure measures like rain gardens and permeable pavements to enhance ecological connectivity and habitat protection in the Bijlmermeer urban renewal project.","landscape ecology, urban renewal, habitats, green infrastructure, Amsterdam",Internal,Not Confidential,Content is descriptive project strategy text without sensitive or legal information.,High,85,"Folder path indicates urban renewal project in Amsterdam Bijlmermeer, with filename 'landscape_ecology_strategy' suggest",,Low,Auto-process,,Advisory,"The document provides strategic landscape ecology recommendations and targets, which are best-practice guidelines rather than legally binding or physically constrained requirements.",Single Discipline,"The content specifically addresses landscape ecology strategies, habitat targets, and green infrastructure measures within the urban renewal project, affecting ecological and landscape design decisions.",Relevant,"The file is in the Concept / Schematic phase and directly informs decisions on green corridors, habitat protection, and ecological connectivity, which are critical at this stage for guiding detailed design and land use planning.",Partial,"The document outlines strategic ecological concepts and habitat targets but lacks detailed technical data, measurements, or implementation specifics, requiring further specialist input for full application.",Expert Extractable,"The content is written in strategic language with ecological terminology, requiring ecological or landscape planning expertise for interpretation and application, but conclusions are implied clearly enough for informed decision-making.","This file directly addresses the decision of where to protect and develop green corridors and habitats along the blue-green spine, providing specific ecological strategies that are not available from generic urban renewal references. Its strategic recommendations are crucial now to shape the land use and ecological connectivity in the early design phase, ensuring ecological considerations are integrated into the overall master plan before detailed design progresses.","Folder path indicates urban renewal project in Amsterdam Bijlmermeer, with filename 'landscape_ecology_strategy' suggesting landscape and ecological planning. Content describes ecological strategies, target habitats, and landscape features, supporting decision-making on green infrastructure and habitat protection. The absence of technical drawings or measurements confirms a textual, strategic document. The content's focus on ecological concepts and landscape planning aligns with landscape and public realm domain, at a neighborhood/district scale, during the concept/schematic phase.",,2026-09-16 15:01
BJM-B27-L-201_P01_green_network.pdf,PDF,demo_data/Amsterdam_Bijlmermeer_Urban_Renewal_Case/06_synthetic_expansion/02_landscape/BJM-B27-L-201_P01_green_network.pdf,5,1.0,02_landscape,1/1 pages · 533 chars,text,high,,No,High,Unknown,2025.0,Landscape & Public Realm,Neighborhood / District,Concept / Schematic,"Landscape & Public Realm, Civil & Infrastructure, Environment & Climate",Drawing,"Drawing, Model, Data","The file shows a landscape framework with water routes, planting zones, and connectivity strategies, including specific features like rain gardens and green corridors, supporting the implementation of the Bijlmermeer green infrastructure master plan.","green network, water strategy, planting, urban renewal, landscape",Internal,Not Confidential,Filename and content do not indicate any confidentiality labels or sensitive information.,High,90,Folder path indicates landscape and urban renewal context; filename tokens 'green_network' suggest landscape planning. C,,Low,Auto-process,,,,,,,,,,,,,"Folder path indicates landscape and urban renewal context; filename tokens 'green_network' suggest landscape planning. Content sample references water strategy, planting, and connectivity, aligning with landscape and public realm. The document is a single-page PDF from 2025, likely a planning or schematic landscape layout. It supports decisions on green infrastructure and water management within the urban renewal project.",,2026-09-16 15:01
31_permit_application.txt,TXT,demo_data/Amsterdam_Bijlmermeer_Urban_Renewal_Case/04_delivery/31_permit_application.txt,1,,04_delivery,full content (1043 chars),text,unknown,,No,Medium,Unknown,,Administrative & Legal,Non-spatial,Unknown,"Administrative & Legal, Project Management, Reference & Research",Document,"Document, Data, Archive","A permit application document for the Amsterdam Zuidoost urban renewal project, specifically addressing the approval procedures under the Wabo (Environmental Permitting Act) and the Amsterdam municipal zoning regulations, supporting the legal decision-making process.","permit, legal, administrative, Amsterdam, urban renewal",External,Not Confidential,"Content is textual, legal, and administrative, with no explicit labels or sensitive information indicating confidentiality.",High,85,"Folder path indicates urban renewal project in Amsterdam Zuidoost, and filename '31_permit_application.txt' suggests an",,High,Auto-process,unknown lifecycle,Advisory,The document provides legal and administrative context for permit approval but does not impose binding constraints or mandates.,Whole Project,It addresses permit procedures and legal considerations that impact the entire urban renewal project in Amsterdam Zuidoost.,Relevant,"The file relates to ongoing permit discussions and legal compliance, which are critical at this stage but do not directly stall current design decisions.",Partial,It contains a summary and context but lacks detailed technical or design-specific information necessary for immediate design decisions.,Expert Extractable,"The content is legal and administrative in nature, requiring domain expertise to interpret its implications for design, but conclusions are not explicitly stated.","This file informs the legal and procedural framework for permit approval, directly impacting the project's compliance and approval process. It provides specific insights into the permit scope and procedural requirements that are not available from generic legal references. Given the project's current phase in detailed design and coordination, understanding permit constraints and procedural steps is essential now to avoid delays and ensure legal compliance before finalizing design elements.","Folder path indicates urban renewal project in Amsterdam Zuidoost, and filename '31_permit_application.txt' suggests an administrative legal document related to permits. Content sample confirms it is a permit application for a synthetic, illustrative case, not an actual project record. The document is textual, legal, and administrative, fitting the 'Administrative & Legal' domain, specifically related to permit or approval processes. The content does not specify a particular lifecycle stage beyond pre-application, and the filename indicates a legal permit request. The document is not a drawing or model but a textual legal submission, classified as a legal permit application.",,2026-09-16 15:01
35_decision_log.csv,CSV,demo_data/Amsterdam_Bijlmermeer_Urban_Renewal_Case/05_governance/35_decision_log.csv,0,,05_governance,extraction failed — TypeError,metadata,unknown,,Yes,Medium,Unknown,,Project Management,Non-spatial,Construction Administration,"Project Management, Administrative & Legal",Data,Data,"Based on filename and folder analysis: Decision log CSV file for Amsterdam Bijlmermeer urban renewal project documenting specific construction administration decisions such as permit approvals, safety compliance measures, and contractor selections.","decision log, project management, urban renewal, Amsterdam, construction",Internal,Not Confidential,"Filename and folder path do not contain labels or signals indicating confidentiality, and the file type is a CSV decision log.",Low,20,"Filename '35_decision_log.csv' indicates a structured decision log related to project governance, likely capturing proje",,Medium,"Manual review (Filename '35_decision_log.csv' indicates a structured decision log related to project governance, likely capturing proje)","low certainty: Filename '35_decision_log.csv' indicates a structured decision log related to project governance, likely capturing proje",Advisory,"The filename and folder cues suggest it is a decision log documenting project management decisions, which are typically advisory unless explicitly mandated by regulation or contract.",Single Discipline,"The decision log appears to focus on project management decisions related to construction administration, affecting specific decisions within the broader project.",Relevant,"The file is in the construction administration phase and documents decisions that are currently being implemented or reviewed, making it useful but not critical at this exact moment.",Partial,"Based on metadata, the file likely contains a subset of decisions relevant to construction administration, but without content, it may omit some decisions or details.",Expert Extractable,The file's structure as a CSV decision log suggests it contains structured decision entries; domain experts can interpret and extract relevant decisions without extensive technical background.,"Assessment based on filename and classification only — no content extracted. This file directly addresses specific construction administration decisions such as permits, safety measures, and contractor selections, providing unique project-specific decision points. Its timing in the 'Construction Administration' phase makes it relevant for ongoing decision confirmation and record-keeping, ensuring current project governance is accurately documented.","Filename '35_decision_log.csv' indicates a structured decision log related to project governance, likely capturing project management decisions. The folder path and filename suggest it is a project management document at the project lifecycle stage, with no explicit content available. The classification relies on filename and folder cues, pointing to a project management decision log for the Amsterdam Bijlmermeer urban renewal project.",,2026-09-16 15:01
BJM-A-101_plan_linework.dxf,DXF,demo_data/Amsterdam_Bijlmermeer_Urban_Renewal_Case/06_synthetic_expansion/01_architecture/BJM-A-101_plan_linework.dxf,0,,01_architecture,filename + binary header,metadata,unknown,,No,Medium,Unknown,,Architecture & Buildings,Floor / Level,Construction Documents,"Architecture & Buildings, Project Management",Drawing,"Drawing, Model, Data","Based on filename and folder analysis: A CAD architectural plan labeled BJM-A-101, used for detailed construction documentation and plan coordination in the Amsterdam Bijlmermeer urban renewal project, specifically for structural layout verification.","BJM-A-101, plan_linework, DXF, architecture, construction, urban renewal",External,Not Confidential,"Filename and folder path do not contain confidentiality labels, and the file is a CAD drawing.",High,85,Filename indicates a CAD plan labeled 'BJM-A-101' with 'plan_linework' suggesting architectural layout. Folder path and,,Medium,Verify file accessibility,metadata only — no content extracted,,,,,,,,,,,,"Filename indicates a CAD plan labeled 'BJM-A-101' with 'plan_linework' suggesting architectural layout. Folder path and filename tokens point to architectural design at the project level, likely part of construction documents. Content sample confirms architectural drawing discipline. No explicit date is present, but the context implies a technical, construction-phase drawing. This supports the coordination of architectural layout and plan review for the Amsterdam Bijlmermeer urban renewal project.",,2026-09-16 15:01
BJM-B27-A-101_P02_ground_floor.pdf,PDF,demo_data/Amsterdam_Bijlmermeer_Urban_Renewal_Case/06_synthetic_expansion/01_architecture/BJM-B27-A-101_P02_ground_floor.pdf,2,1.0,01_architecture,1/1 pages · 544 chars,text,high,,No,Medium,Unknown,2025.0,Architecture & Buildings,Floor / Level,Construction Documents,"Architecture & Buildings, Structural Engineering, Civil & Infrastructure",Drawing,"Drawing, Model, Data","A ground floor plan for Bijlmermeer Cluster B, revision P02, dated April 2025, showing room labels and layout details, used for construction documentation and coordination.","ground floor, Bijlmermeer, P02, architecture, plan",Internal,Not Confidential,Filename and content do not contain labels or signals indicating confidentiality.,High,90,"Folder path indicates architectural plans for the Amsterdam Bijlmermeer urban renewal project, with filename tokens spec",,Low,Auto-process,,,,,,,,,,,,,"Folder path indicates architectural plans for the Amsterdam Bijlmermeer urban renewal project, with filename tokens specifying ground floor layout and revision P02. Content sample confirms it is a single-page ground floor plan with annotations, including room labels and dimensions, from 2025. The file is a technical drawing used for discipline coordination during construction documentation.",,2026-09-16 15:01
25_concept_design_report.pdf,PDF,demo_data/Amsterdam_Bijlmermeer_Urban_Renewal_Case/03_design/25_concept_design_report.pdf,4,1.0,03_design,1/1 pages · 1341 chars,text,unknown,,No,Medium,Unknown,,Landscape & Public Realm,Neighborhood / District,Concept / Schematic,"Landscape & Public Realm, Architecture & Buildings",Document,"Document, Data, Media","A synthetic concept design report for Amsterdam Bijlmermeer urban renewal, focusing on high-rise building facade repair techniques, implementation of green infrastructure such as rain gardens and green roofs, and enhancing urban connectivity through new pedestrian pathways, supporting specific planning and design decisions.","urban renewal, concept design, Amsterdam Bijlmermeer, green infrastructure, high-rise repair",Internal,Not Confidential,Filename and content do not indicate any explicit confidentiality labels or sensitive information.,Medium,70,"Folder path indicates urban renewal project at district scale, and filename tokens suggest a conceptual design report. C",,Low,Auto-process,,Advisory,"The file provides a synthetic, illustrative concept design report that offers guidance but does not impose mandatory constraints or regulations.",Whole Project,"It discusses overarching urban renewal strategies, high-level design options, and decision sequences affecting the entire district's conceptual framework.",Relevant,"The document aligns with the current 'Concept / Schematic' phase, supporting ongoing decision-making but does not address immediate open decisions or critical constraints.",Partial,"As a synthetic, illustrative report, it offers a high-level overview and testing of options but lacks detailed technical or site-specific data.",Expert Extractable,"The report contains narrative descriptions and strategic concepts that can be interpreted by project team members, but technical details are embedded and require expertise to fully extract implications.","This file informs the conceptual urban renewal approach, particularly the high-rise repair strategies, green infrastructure concepts, and urban connectivity ideas. It provides unique, project-specific scenarios that no generic source can substitute, making it valuable for guiding early design options. Its timing in the 'Concept / Schematic' phase is critical to shape the direction before detailed design development begins, ensuring decisions are aligned with the envisioned urban renewal framework.","Folder path indicates urban renewal project at district scale, and filename tokens suggest a conceptual design report. Content sample confirms focus on high-rise repair, green infrastructure, and urban planning decisions. The file is a narrative report from the conceptual phase, supporting urban design and infrastructure planning decisions.",,2026-09-16 15:01
33_community_workshop_minutes.txt,TXT,demo_data/Amsterdam_Bijlmermeer_Urban_Renewal_Case/05_governance/33_community_workshop_minutes.txt,1,,05_governance,full content (1150 chars),text,high,,No,Medium,Unknown,2025.0,Project Management,Neighborhood / District,Construction Administration,"Project Management, Administrative & Legal",Document,Document,Minutes from a 2025 community workshop in Amsterdam Zuidoost support project governance and stakeholder engagement decisions for urban renewal. It documents participant themes and action items.,"community, workshop, minutes, urban renewal, Amsterdam",Internal,Not Confidential,"Filename and content do not indicate any confidential information, and it is a meeting minutes record.",High,90,"Folder path indicates governance related to urban renewal and project management, while filename tokens suggest a commun",,Low,Auto-process,,Advisory,"The document contains community workshop minutes which serve as guidance for stakeholder engagement and project governance, but do not impose legal or regulatory constraints.",Single Discipline,"The content primarily influences community engagement and project governance decisions, affecting specific stakeholder interactions rather than the entire project or multiple disciplines.",Relevant,"The workshop minutes relate to ongoing stakeholder engagement actions that need timely follow-up during construction administration, but do not directly block immediate design decisions.",Partial,"The document documents specific community themes and action items from a single workshop session, but does not encompass comprehensive project details or all stakeholder inputs.",Stated Conclusions,"The minutes clearly outline key themes and actions, making it accessible for project team members to interpret and act upon without requiring technical expertise.","This file directly informs decisions related to safety, maintenance, and stakeholder communication, such as mapping unsafe thresholds and planning rain garden maintenance. It provides specific community concerns and action items that are not available in technical or design documents, making it critical to address these issues now to ensure stakeholder trust and project continuity during construction activities.","Folder path indicates governance related to urban renewal and project management, while filename tokens suggest a community workshop minutes document from 2025. The content sample confirms it is a textual record of community engagement, supporting governance and project decision-making. The document is not a drawing or data file, and the content explicitly references project themes and actions, aligning with project management and governance stages.",,2026-09-16 15:01
34_design_review_minutes.txt,TXT,demo_data/Amsterdam_Bijlmermeer_Urban_Renewal_Case/05_governance/34_design_review_minutes.txt,0,,05_governance,full content (976 chars),text,high,,No,High,Unknown,2026.0,Project Management,Component / Room,Design Development,"Project Management, Administrative & Legal",Document,Document,"Minutes from a 2026 Amsterdam Zuidoost design review detail urban renewal strategies, such as the implementation of the 2025 Spatial Development Plan, specific project decisions like the selection of public transportation hubs, and the approval of new residential zoning codes.","urban renewal, design review, Amsterdam Zuidoost, project management, 2026",Internal,Not Confidential,Filename and content indicate a meeting record with no explicit confidentiality labels.,High,90,"Folder path indicates governance and project management context, with related files classified under project management",,Low,Auto-process,,Advisory,"The document contains minutes from a design review meeting, providing recommendations and decisions that are not legally binding but influence project direction.",Single Discipline,"The content primarily pertains to urban design and spatial framework decisions, affecting specific design elements rather than the entire project.",Relevant,"The file addresses ongoing design decisions in the 2026 phase, directly informing current urban renewal strategies and spatial planning, but does not represent a critical decision point that would halt work if delayed.",Partial,"The minutes document specific decisions and open items related to urban renewal design, but do not encompass the full scope of project documentation or technical details.",Stated Conclusions,"The minutes clearly state decisions and open issues, making it accessible to project team members without requiring technical expertise to interpret the main points.","This file directly addresses the decision to retain the three tower footprints, a key spatial framework element, and provides context on the progression of urban renewal strategies. Its timing in early 2026 aligns with ongoing design development, making it essential for guiding subsequent detailed design and coordination efforts. The unique insights from the meeting minutes help ensure decisions are aligned with recent stakeholder discussions and project goals.","Folder path indicates governance and project management context, with related files classified under project management and governance. Filename tokens 'design_review_minutes' suggest a textual, narrative document related to project decision-making. Content sample confirms it is a meeting record from 2026, focusing on urban renewal design decisions. The file is textual, supports project management, and is from the design development phase, with high confidence based on content and folder context.",,2026-09-16 15:01
BJM-DC-012_meeting_minutes.docx,DOCX,demo_data/Amsterdam_Bijlmermeer_Urban_Renewal_Case/06_synthetic_expansion/05_coordination/BJM-DC-012_meeting_minutes.docx,36,,05_coordination,9 paragraphs + 1 table(s),text,high,,No,High,Unknown,2025.0,Project Management,Neighborhood / District,Construction Administration,"Project Management, Architecture & Buildings, Reference & Research",Document,"Document, Data, Archive","Meeting minutes from April 2025 document specific design coordination actions, such as approval of the new facade materials and resolution of the structural load issues, for the Amsterdam Bijlmermeer urban renewal project, highlighting decisions made by the design review committee and unresolved issues related to the building height restrictions.","urban renewal, Amsterdam Bijlmermeer, meeting minutes, project management, design coordination",Internal,Not Confidential,Filename and content do not indicate any confidential or sensitive information.,High,90,"Folder path indicates urban renewal project in Amsterdam Bijlmermeer, and filename suggests a meeting minutes document f",,Low,Review asset type classification,asset type signal conflict,Advisory,The document contains meeting minutes and decisions that influence project coordination but do not have statutory or engineering constraints binding the design.,Single Discipline,"The content primarily pertains to architectural design coordination, facade materials, courtyard levels, and project decisions within the architecture team’s scope.",Relevant,"The file addresses ongoing open decisions such as facade material approval and courtyard levels verification, which are critical at this stage for upcoming design reviews and construction planning, making it directly useful now.",Partial,"The document records specific decisions, actions, and unresolved issues from a single meeting, but does not encompass the full scope of project documentation or all design elements.",Stated Conclusions,"The meeting minutes clearly state decisions and open issues, making it accessible to project team members without requiring domain expertise to interpret the core findings.","This file directly informs the decision on facade material approval and courtyard level verification, providing specific action items and unresolved issues that are critical for progressing design development. Its timely review ensures that upcoming design reviews and construction activities are based on the latest coordination outcomes, making it essential to consult now during the Construction Administration phase.","Folder path indicates urban renewal project in Amsterdam Bijlmermeer, and filename suggests a meeting minutes document from 2025. Content sample confirms it is a project management record related to design coordination, specifically for the Amsterdam Bijlmermeer urban renewal case. The document is a textual record of project meetings, decisions, and actions, supporting project management and coordination tasks.",,2026-09-16 15:01
BJM_fee_variation.eml,EML,demo_data/Amsterdam_Bijlmermeer_Urban_Renewal_Case/06_synthetic_expansion/05_coordination/BJM_fee_variation.eml,0,,05_coordination,headers + body excerpt,text,high,,No,Medium,Unknown,2025.0,Project Management,Neighborhood / District,Construction Administration,"Project Management, QS & Commercial, Administrative & Legal",Document,Document,"An email from April 2025 discusses fee variation requests for project coordination activities, supporting project management and commercial decision-making in the urban renewal process.","fee variation, project management, urban renewal, Amsterdam Zuidoost, 2025",Internal,Not Confidential,"Email content is plain text with no explicit confidentiality labels, and the file is a project coordination email.",High,90,"Folder path indicates urban renewal project at district scale, and filename tokens 'BJM' and 'FEE' suggest a focus on fi",,Low,Review confidentiality judgment,confidentiality signal conflict,Advisory,"The file contains a mock email discussing fee variations, which is a best-practice project management document but not a binding authority or regulation.",Single Discipline,"The content specifically addresses project management and financial coordination related to project activities, not the entire project or multiple disciplines.",Marginal,"While it provides context on fee discussions, it does not directly influence current design decisions or open critical project issues in the Construction Administration phase.",Partial,"The file documents a specific fee variation request and related correspondence, but lacks comprehensive details on project scope, design, or technical specifications.",Expert Extractable,"The content is technical and financial in nature, requiring domain expertise to interpret its implications for project management decisions, but the language is clear enough for a knowledgeable team member to understand its context.","This file addresses the specific decision of whether to approve a fee variation request for project coordination activities, providing a project-specific example of financial management. Its unique value lies in illustrating the process and considerations around fee adjustments, which no generic source can substitute. However, since it is a mock email and not an official decision document, its immediate impact on ongoing design decisions in the Construction Administration phase is limited; it serves more as contextual background than a pivotal decision point at this stage.","Folder path indicates urban renewal project at district scale, and filename tokens 'BJM' and 'FEE' suggest a focus on financial or contractual aspects related to project coordination. Content mentions fee variation requests and project activities in 2025, aligning with project management and commercial domains. The email content and folder context point to a project management lifecycle stage, with external governance from project stakeholders. The filename and folder structure support classifying this as a project management document at the neighborhood/district scale, with a focus on commercial and coordination decisions.",,2026-09-16 15:01
BJM_transmittal_042.eml,EML,demo_data/Amsterdam_Bijlmermeer_Urban_Renewal_Case/06_synthetic_expansion/05_coordination/BJM_transmittal_042.eml,0,,05_coordination,headers + body excerpt,text,high,,No,Medium,Unknown,2025.0,Project Management,Neighborhood / District,Construction Administration,"Project Management, Administrative & Legal, Reference & Research",Document,"Document, Media, Data","A project transmittal email from April 2025 references issue P02 related to the coordination of electrical systems for the Amsterdam Bijlmermeer renewal project, highlighting unresolved scheduling conflicts.","transmittal, project management, issue P02, Amsterdam Bijlmermeer, urban renewal",Internal,Not Confidential,"Filename and content do not contain labels or signals indicating confidentiality, and it is an email transmittal.",High,90,"Folder path indicates urban renewal coordination at district scale, and filename tokens suggest a transmittal related to",,Low,Review confidentiality judgment,confidentiality signal conflict,Advisory,"The file is a transmittal email referencing coordination issues and unresolved conflicts, which are typically advisory unless explicitly mandated by project procedures.",Single Discipline,"The content specifically addresses electrical system coordination and scheduling conflicts within the project, affecting a particular system rather than the entire project.",Relevant,"The file pertains to ongoing coordination issues in April 2025, which are relevant for current decision-making in the construction administration phase, but not critical enough to stall work immediately.",Partial,"The document provides a specific communication about unresolved issues related to electrical coordination, but does not include detailed technical data or comprehensive project information.",Stated Conclusions,"The email clearly states the issue P02 and references coordination conflicts, making it understandable and actionable for project team members without requiring expert interpretation.","This file directly informs the decision on resolving electrical system scheduling conflicts, which is critical for maintaining project timelines and avoiding delays. Its specific mention of issue P02 and coordination status provides unique, project-specific context that generic sources cannot substitute. Reading it now ensures timely awareness and response during the construction administration phase, preventing potential project delays or rework.","Folder path indicates urban renewal coordination at district scale, and filename tokens suggest a transmittal related to project communication. Content references project codes, issue P02, and a 2025 date, supporting classification within project management and communication documentation. The file is a transmittal email, not a drawing or technical report, and the content confirms its role in project coordination.",,2026-09-16 15:01
BJM-SW-007_site_markup.png,PNG,demo_data/Amsterdam_Bijlmermeer_Urban_Renewal_Case/06_synthetic_expansion/04_site/BJM-SW-007_site_markup.png,252,,04_site,vision — VLM description,vision,high,,No,Medium,Unknown,2025.0,Civil & Infrastructure,Neighborhood / District,Design Development,"Civil & Infrastructure, Project Management",Media,"Media, Drawing, Data","Site walk record image shows annotations on pavement, drainage, and fencing issues, supporting site coordination and infrastructure planning decisions for the Amsterdam Bijlmermeer renewal. It documents site conditions and issues for construction or design refinement.","site markup, civil infrastructure, urban renewal, site issues, Amsterdam",Internal,Not Confidential,Filename and content do not indicate any confidentiality labels or sensitive information.,High,85,"Folder path indicates civil infrastructure scope within an urban renewal project, and filename tokens specify site marku",,Low,Auto-process,,,,,,,,,,,,,"Folder path indicates civil infrastructure scope within an urban renewal project, and filename tokens specify site markup. Content sample describes site walk issues and annotations, supporting civil and site planning decisions. The file is a visual site markup image from the construction or design development phase, focusing on site access and drainage. Year is derived from content date, and the asset type is a visual data asset for site coordination.",,2026-09-16 15:01
36_rfi_log.csv,CSV,demo_data/Amsterdam_Bijlmermeer_Urban_Renewal_Case/05_governance/36_rfi_log.csv,0,,05_governance,extraction failed — TypeError,metadata,unknown,,Yes,Medium,Unknown,,Project Management,Neighborhood / District,Unknown,"Project Management, Administrative & Legal, Reference & Research",Data,Data,"Based on filename and folder analysis: The CSV file likely contains a log of RFIs related to procurement approval processes and construction scheduling within the Amsterdam Bijlmermeer urban renewal project, supporting project tracking and communication records.","RFI, log, governance, project management, urban renewal",Internal,Not Confidential,"Filename and folder context contain no labels or signals indicating confidentiality, and the file is a CSV log likely used for project tracking.",Medium,50,The filename '36_rfi_log.csv' and folder context indicate a structured log of RFIs related to governance and project man,,High,Auto-process,unknown lifecycle,Background,"The filename and folder context suggest it is a log of RFIs supporting project management documentation, not a binding regulation or constraint.",Single Discipline,"The RFI log likely pertains to specific project management processes, such as procurement or scheduling, affecting a particular aspect rather than the entire project.",Off-Phase,"The project is in 2026, and the file appears to be a historical or supporting record rather than addressing an active decision window in the 'Unknown' phase.",Partial,"Based on metadata, the file likely contains a log of RFIs but does not encompass the full scope of project decision documentation.",Expert Extractable,"The file's metadata indicates it is a CSV log, which requires domain expertise to interpret its relevance to ongoing design decisions, but no explicit conclusions are provided.","Assessment based on filename and classification only — no content extracted. This file documents RFIs related to project governance, which may influence procurement or scheduling decisions but does not directly inform specific design choices. Its relevance at the 'Unknown' phase is limited, as it is more of a project management record than a decision-critical document.","The filename '36_rfi_log.csv' and folder context indicate a structured log of RFIs related to governance and project management within the urban renewal case. The CSV format suggests tabular data, likely tracking communication or decision records. The folder path and filename tokens point to a project management domain, specifically an RFI log for governance purposes, with no explicit content available to specify a lifecycle or detailed scope.",,2026-09-16 15:01
BJM_rain_gardens.geojson,GEOJSON,demo_data/Amsterdam_Bijlmermeer_Urban_Renewal_Case/06_synthetic_expansion/02_landscape/BJM_rain_gardens.geojson,2,,02_landscape,.GEOJSON — text fallback,text,medium,,Yes,High,Unknown,2024.0,Landscape & Public Realm,Neighborhood / District,Design Development,"Landscape & Public Realm, Civil & Infrastructure, Environment & Climate",Data,"Data, Document, Drawing",GeoJSON polygons of proposed rain gardens in Amsterdam Bijlmermeer support landscape infrastructure planning and urban stormwater management decisions for the 2024–2029 project phase.,"rain gardens, geojson, landscape, urban renewal, Amsterdam, stormwater",Internal,Not Confidential,Filename and content do not indicate any confidentiality labels or sensitive information.,High,85,"Folder path indicates landscape and urban renewal focus, with filename tokens 'RAIN' and 'gardens' suggesting landscape",,Low,Auto-process,,Advisory,The file provides landscape GIS data supporting planning decisions but does not impose regulatory or physical constraints.,Single Discipline,It specifically informs landscape infrastructure planning and stormwater management within the urban renewal project.,Relevant,"The data supports ongoing design development activities related to rain garden placement and landscape planning, which are active in this phase.",Mostly Complete,"The GeoJSON contains proposed rain garden polygons with key properties, but notes that positions are illustrative and not survey-verified, indicating some gaps.",Expert Extractable,"The geojson format and technical properties require domain expertise to interpret and apply directly in design decisions, though the data is clearly structured.","This file directly informs the placement and design of rain gardens, a key component of stormwater management in the landscape plan. Its unique, project-specific polygons and annotations provide spatial context that generic sources cannot substitute. Given the current design development stage, reading this data now supports refining landscape infrastructure decisions before detailed design finalization, ensuring stormwater solutions are integrated effectively.","Folder path indicates landscape and urban renewal focus, with filename tokens 'RAIN' and 'gardens' suggesting landscape features. Content sample confirms geojson polygons for proposed rain gardens, supporting landscape infrastructure decisions. No explicit date found, but project context implies 2024–2029 timeframe, and content type aligns with landscape GIS data. Classification as landscape and public realm domain with a focus on landscape infrastructure is appropriate.",,2026-09-16 15:01
BJM-B27-TN-008_facade_options.pdf,PDF,demo_data/Amsterdam_Bijlmermeer_Urban_Renewal_Case/06_synthetic_expansion/03_reports/BJM-B27-TN-008_facade_options.pdf,2,1.0,03_reports,1/1 pages · 1444 chars,text,high,,No,Medium,Unknown,2025.0,Architecture & Buildings,Plot / Block,Design Development,"Architecture & Buildings, Structural Engineering, Project Management",Document,"Document, Data, Drawing","Facade refurbishment technical note compares insulation types (e.g., mineral wool vs. polystyrene) and ventilated panel options (e.g., aluminum composite vs. fiber cement) for Block B, providing specific criteria to inform the selection process during the design development phase.","facade, refurbishment, Block B, ventilated panel, insulated render",Internal,Not Confidential,Filename and content do not indicate any confidentiality labels or sensitive information.,High,90,"Folder path indicates urban renewal project in Amsterdam Bijlmermeer, with filename tokens 'BJM' and 'facade_options' su",,Low,Auto-process,,Advisory,"The document provides technical guidance and comparison criteria for facade options, which are best-practice recommendations rather than mandatory constraints.",Single Discipline,"It specifically addresses facade refurbishment options for Block B, influencing the architectural system selection within the project.",Relevant,"The file supports ongoing facade material decision-making during the design development phase, directly informing the upcoming review of facade options.",Mostly Complete,"The document covers key facade options, their technical considerations, and decision points, but lacks detailed specifications or regulatory compliance data.",Expert Extractable,The content includes technical comparisons and decision criteria requiring architectural expertise to interpret and apply effectively.,"This file directly informs the final facade material choice for Block B, providing specific technical comparisons that no generic source offers. Its timing is critical as the project approaches the facade material approval stage, making it essential for guiding the upcoming decision on insulation and panel systems during the design development phase.","Folder path indicates urban renewal project in Amsterdam Bijlmermeer, with filename tokens 'BJM' and 'facade_options' suggesting facade design. Content sample confirms facade refurbishment options for Block B, with technical details and decision points. The document is a technical note from the design development phase, supporting facade system selection.",,2026-09-16 15:01
BJM_programme.xlsx,XLSX,demo_data/Amsterdam_Bijlmermeer_Urban_Renewal_Case/06_synthetic_expansion/06_schedules/BJM_programme.xlsx,4,,06_schedules,all 1 sheet(s) — first 5 rows each,text,medium,,Yes,Medium,Unknown,,Project Management,Neighborhood / District,Construction Documents,"Project Management, Civil & Infrastructure, QS & Commercial",Data,"Data, Document","Excel schedule outlines activities like survey and setting out for the Amsterdam Bijlmermeer urban renewal project, supporting project management and scheduling decisions.","urban renewal, schedule, program, Amsterdam, project management",Internal,Not Confidential,Filename and content do not indicate any confidential or sensitive information.,Medium,70,"Folder path indicates urban renewal project in Amsterdam Zuidoost, with filename 'BJM_programme.xlsx' suggesting a sched",,Low,Auto-process,,Advisory,"The file appears to be a project schedule supporting management decisions rather than a mandated regulation or physical constraint, thus it guides rather than enforces design changes.",Single Discipline,"The schedule specifically outlines activities related to survey and setting out, which primarily impact the survey and site coordination discipline.",Relevant,"The schedule directly informs ongoing survey and setting out activities in the current construction phase, making it useful for immediate coordination but not critical for final design decisions.",Partial,"The document covers specific activities within the project schedule but does not encompass the full scope of project design or all phases, focusing mainly on survey and setting out tasks.",Expert Extractable,"The schedule is structured with activity IDs and timelines, requiring project-specific knowledge to interpret its implications for site coordination and scheduling, but it is accessible to project team members familiar with project schedules.","This file directly addresses the timing and sequencing of survey and setting out activities, which are critical for site execution and coordination decisions. It provides specific start and finish weeks that no generic schedule can substitute, making it essential for current construction planning. The timing aligns with the ongoing construction documents phase, ensuring decisions are informed by up-to-date project timelines.","Folder path indicates urban renewal project in Amsterdam Zuidoost, with filename 'BJM_programme.xlsx' suggesting a schedule or program document. Content sample shows a structured schedule for activities like survey and setting out, typical of project management phase. The classification aligns with a schedule or program document used in construction or urban renewal planning, supporting project management decisions.",,2026-09-16 15:01
BJM-SW-007_scanned_record.pdf,PDF,demo_data/Amsterdam_Bijlmermeer_Urban_Renewal_Case/06_synthetic_expansion/04_site/BJM-SW-007_scanned_record.pdf,311,1.0,04_site,extraction failed — 1 pages blank after OCR,text+ocr,unknown,single_page_drawing,No,Medium,Unknown,,Administrative & Legal,Non-spatial,Unknown,"Administrative & Legal, Project Management",Document,"Document, Archive, Data","Drawing-mode assessment: Low confidence assessment: Filename BJM-SW-007 suggests a scanned record related to the Amsterdam Bijlmermeer urban renewal project, specifically concerning legal compliance documentation for the 1980s redevelopment phase. It supports decisions regarding legal approval or project authorization.","Amsterdam, Bijlmermeer, urban renewal, scanned record, administrative",Internal,Not Confidential,Filename and folder context do not indicate any explicit confidentiality labels or sensitive content.,Low,30,"Filename indicates a scanned record with code BJM-SW-007, located in the site folder of the Amsterdam Bijlmermeer urban",,High,"Manual review (Filename indicates a scanned record with code BJM-SW-007, located in the site folder of the Amsterdam Bijlmermeer urban)","low certainty: Filename indicates a scanned record with code BJM-SW-007, located in the site folder of the Amsterdam Bijlmermeer urban, unknown lifecycle",Advisory,"The file appears to be a scanned administrative record supporting project management or legal compliance, not a statutory or regulatory mandate.",Whole Project,The document is located within the project folder and likely pertains to overarching legal or administrative aspects affecting the entire urban renewal effort.,Marginal,"As an archive record with no explicit content or immediate decision linkage, it does not currently influence active design decisions in the 'Unknown' phase.",Partial,"The file contains metadata and a brief summary indicating limited content, with extraction failure suggesting incomplete or minimal information.",Expert Extractable,The document's lack of explicit conclusions or detailed content means only domain experts with legal or administrative knowledge can interpret its relevance for decision-making.,"Assessment based on filename and classification only — no content extracted. This file likely supports legal or administrative compliance decisions, but without detailed content, it does not directly inform specific design choices. Its placement in the project folder suggests it is part of the project record but does not currently impact active design decisions in the 'Unknown' phase.","Filename indicates a scanned record with code BJM-SW-007, located in the site folder of the Amsterdam Bijlmermeer urban renewal project. Content extraction failed on most pages, and no explicit date was found, but folder context suggests it relates to the 2024–2029 project timeline. The file likely contains project documentation or administrative records supporting project management or legal compliance.",,2026-09-16 15:01
BJM-L-302_planting_schedule.csv,CSV,demo_data/Amsterdam_Bijlmermeer_Urban_Renewal_Case/06_synthetic_expansion/02_landscape/BJM-L-302_planting_schedule.csv,0,,02_landscape,extraction failed — TypeError,metadata,unknown,,Yes,Medium,Unknown,,Landscape & Public Realm,Neighborhood / District,Design Development,"Landscape & Public Realm, Civil & Infrastructure, Project Management",Data,"Data, Document, Archive",Based on filename and folder analysis: Filename analysis indicates a planting schedule CSV for landscape design in the Amsterdam Bijlmermeer renewal. It supports landscape planting timing and species selection decisions.,"planting_schedule, landscape, Amsterdam, urban renewal, CSV",Internal,Not Confidential,Filename and folder path contain no labels or signals indicating confidentiality.,Medium,60,Filename indicates a CSV file related to planting schedules within the landscape folder of an urban renewal project. The,,Low,Auto-process,,Advisory,"The filename and folder analysis suggest it is a landscape planning support document, providing recommendations rather than binding constraints.",Single Discipline,"The file pertains specifically to landscape planting schedules, affecting landscape design decisions without directly influencing other project disciplines.",Relevant,"The file's content supports ongoing landscape planning decisions in the design development phase, but it does not address immediate open decisions or critical constraints.",Partial,"Based on metadata, the file likely contains a schedule or list that supports planting timing and species selection but does not encompass the full scope of landscape design documentation.",Expert Extractable,The filename and metadata imply structured data supporting landscape decisions; a landscape architect or planner can interpret and utilize it without requiring technical expertise.,"Assessment based on filename and classification only — no content extracted. This file directly informs landscape planting timing and species selection decisions, providing project-specific scheduling data that no generic source can substitute. Its timely availability in the 'Design Development' phase ensures landscape plans can be refined and coordinated with other design elements before finalization.","Filename indicates a CSV file related to planting schedules within the landscape folder of an urban renewal project. The folder and filename suggest it is a structured data asset supporting landscape planning decisions, specifically planting timing and species selection for the Amsterdam Bijlmermeer renewal. No content extraction was possible, but metadata analysis confirms its role in landscape design coordination.",,2026-09-16 15:01
BJM_quantities.xlsx,XLSX,demo_data/Amsterdam_Bijlmermeer_Urban_Renewal_Case/06_synthetic_expansion/06_schedules/BJM_quantities.xlsx,4,,06_schedules,all 1 sheet(s) — first 5 rows each,text,unknown,,Yes,Medium,Unknown,,Civil & Infrastructure,Neighborhood / District,Construction Documents,"Civil & Infrastructure, Project Management, QS & Commercial",Data,"Data, Calculation, Archive","Excel file with project quantities and allowances for Amsterdam Bijlmermeer urban renewal, including detailed civil infrastructure cost estimates and scheduling parameters for foundation and roadworks.","quantities, urban renewal, civil infrastructure, Amsterdam, project management",Internal,Not Confidential,Filename and content do not indicate any confidentiality labels or sensitive information.,High,85,"Folder path indicates civil and infrastructure scope at urban district level, with synthetic project data suggesting a f",,Low,Auto-process,,Advisory,"The file contains project quantities and cost estimates that inform planning but do not impose legal or regulatory constraints, making it an advisory resource.",Single Discipline,"The content focuses specifically on civil infrastructure quantities and allowances, directly affecting civil engineering and cost estimation decisions within the project.",Relevant,"The file is in the detailed design phase, providing current data that supports ongoing civil scope decisions, but it is not critical for immediate decision-making to stall progress.",Mostly Complete,"The file includes detailed quantities and allowances for civil infrastructure elements, but it may lack comprehensive context or supplementary documentation for full scope understanding.",Expert Extractable,"The data is presented in tabular form with technical terminology; domain experts can interpret and utilize it directly, while non-specialists would require guidance.","This file directly supports civil infrastructure cost estimation and scheduling decisions, such as material quantities and allowances, which are critical for budgeting and planning at this stage. Its detailed project-specific data provides a level of precision that generic sources cannot match. Since the project is in the construction documentation phase, having accurate quantities now ensures alignment with design revisions and procurement planning, making it a timely and valuable resource.","Folder path indicates civil and infrastructure scope at urban district level, with synthetic project data suggesting a focus on quantities and scheduling. Content sample shows tabular data with project quantities, supporting civil infrastructure planning and cost estimation for the Amsterdam Bijlmermeer urban renewal. Filename tokens and folder structure reinforce civil and project management classification, with no explicit design or technical details present.",,2026-09-16 15:01
BJM-MEP-004_ventilation_note.txt,TXT,demo_data/Amsterdam_Bijlmermeer_Urban_Renewal_Case/06_synthetic_expansion/03_reports/BJM-MEP-004_ventilation_note.txt,0,,03_reports,full content (563 chars),text,high,,No,Medium,Unknown,2025.0,MEP - HVAC,Component / Room,Construction Documents,"MEP - HVAC, Project Management",Document,"Document, Data, Drawing","Ventilation coordination note from 2025 details riser routing and interface constraints for Core 02, supporting construction phase MEP system integration decisions.","ventilation, MEP, riser, coordination, Amsterdam, urban renewal",Internal,Not Confidential,"Filename and content do not contain any labels or signals indicating confidentiality, and the file is a technical note.",High,90,"Folder path indicates urban renewal project in Amsterdam Zuidoost, with filename tokens 'BJM' and 'MEP' suggesting mecha",,Low,Auto-process,,Advisory,The file provides technical coordination notes and interface constraints that guide design decisions but do not impose mandatory requirements or regulations.,Single Discipline,"The content specifically addresses ventilation riser routing and interface constraints within Core 02, affecting a particular subsystem rather than the entire project.",Relevant,"The file is in the construction documents phase and directly supports ongoing MEP system coordination, making it useful now but not critical for immediate decision-making.",Partial,"The document covers specific ventilation routing and interface considerations for a particular core, but does not encompass the full scope of MEP or building systems.",Expert Extractable,"The technical content requires domain expertise to interpret and act upon, though the coordination notes are clearly presented for MEP engineers.","This file directly informs the routing and interface decisions for the ventilation risers in Core 02, a critical subsystem for MEP integration. It provides specific interface constraints and coordination points that are not available in generic references, making it essential for resolving potential conflicts during detailed design. The timing aligns with the construction documentation phase, where such coordination details are finalized and must be incorporated into the construction packages.","Folder path indicates urban renewal project in Amsterdam Zuidoost, with filename tokens 'BJM' and 'MEP' suggesting mechanical, electrical, and plumbing systems. Content sample describes ventilation coordination, referencing a 2025 date, and the note's technical nature aligns with construction documentation. The filename and content point to a technical report supporting MEP routing decisions during construction development.",,2026-09-16 15:01
BJM_snagging_walk.txt,TXT,demo_data/Amsterdam_Bijlmermeer_Urban_Renewal_Case/06_synthetic_expansion/04_site/BJM_snagging_walk.txt,0,,04_site,full content (419 chars),text,high,,No,Medium,Unknown,2025.0,Civil & Infrastructure,Neighborhood / District,Construction Administration,"Civil & Infrastructure, Project Management",Document,Document,"Snagging walk notes from May 2025 record site observations and incomplete tasks, supporting construction quality control and site management decisions for the Amsterdam Bijlmermeer urban renewal project.","snagging, urban renewal, site observations, construction, Amsterdam",Internal,Not Confidential,Content is project observation and snagging notes without sensitive or legal information.,High,90,"Folder path indicates civil and infrastructure scope at urban district level, with filename tokens 'BJM' and 'WALK' sugg",,Low,Auto-process,,Advisory,"The file contains snagging notes and site observations supporting construction quality control, which are typically advisory and can be overridden if necessary.",Single Discipline,"The content specifically relates to construction administration activities, focusing on site observations and snagging tasks, affecting a specific aspect of the project.",Relevant,"The snagging walk notes from May 2025 are directly relevant to ongoing construction quality control and site management decisions in 2026, making them useful now but not critical for immediate decision-making.",Partial,"The file documents specific snagging observations and incomplete tasks from a particular walk, but does not encompass the full scope of construction or project status.",Expert Extractable,The notes are written in technical language with specific site details; a project team member with construction knowledge can interpret and act on the information without needing a domain expert.,"This file directly informs construction quality control decisions, such as prioritizing snag repairs and site management actions. It provides detailed, site-specific observations that are not available from generic sources, making it valuable for immediate site decisions. The timing aligns with ongoing construction activities, so reviewing these notes now ensures timely resolution of outstanding snagging issues and supports smooth project progression.","Folder path indicates civil and infrastructure scope at urban district level, with filename tokens 'BJM' and 'WALK' suggesting site and pedestrian-related aspects. Content sample details snagging observations and dates in 2025, aligning with construction administration phase. The file documents snagging activities for urban renewal site, supporting construction quality control and site management decisions.",,2026-09-16 15:01
